Order_ID,Order_Date,Region,Product,Category,Item,Brand,Qty,Sales,Cost,Profit
NZ-ORD-1,2023-01-01,Christchurch,Product-18,Home Decor,Vase,IKEA,9,592.38,122.76,469.62
NZ-ORD-2,2023-01-02,Wellington,Product-27,Toys,Doll,Barbie,1,1397.1,1039.03,358.07
NZ-ORD-3,2023-01-03,Auckland,Product-5,Home Decor,Window Blind,Brother,2,1515.86,1314.33,201.53
NZ-ORD-4,2023-01-04,Auckland,Product-26,Electronics,CCTV,Huawei,4,1338.42,1427,-88.58
NZ-ORD-5,2023-01-05,Wellington,Product-16,Home Decor,Curtain,IKEA,6,481.89,361.61,120.28
NZ-ORD-6,2023-01-06,Wellington,Product-14,Electronics,CCTV,Huawei,6,1379.39,1356.3,23.09
NZ-ORD-7,2023-01-07,Christchurch,Product-26,Electronics,Mobile Phone,Apple,3,1324.24,930.49,393.75
NZ-ORD-8,2023-01-08,Auckland,Product-1,Electronics,Hardisk SDD,Kingston,1,140.43,158.45,-18.02
NZ-ORD-9,2023-01-09,Wellington,Product-22,Home Decor,Curtain,Rails,4,1948.69,1824.01,124.68
NZ-ORD-10,2023-01-10,Wellington,Product-15,Electronics,CCTV,Toshiba,8,632.38,542.26,90.12
NZ-ORD-11,2023-01-11,Christchurch,Product-12,Books,Documentary,Universal,10,1504.97,1420.64,84.33
NZ-ORD-12,2023-01-12,Dunedin,Product-9,Books,Romance,Warner Bros,10,1717.59,1536.9,180.69
NZ-ORD-13,2023-01-13,Hamilton,Product-21,Electronics,Hardisk SDD,Toshiba,3,1984.1,2052.26,-68.16
NZ-ORD-14,2023-01-14,Wellington,Product-23,Clothing,Pant,Puma,2,813.57,393.07,420.5
NZ-ORD-15,2023-01-15,Christchurch,Product-21,Clothing,Shirt,Puma,3,980.56,957.62,22.94
NZ-ORD-16,2023-01-16,Wellington,Product-5,Home Decor,Vase,Midea,6,1044.35,855.28,189.07
NZ-ORD-17,2023-01-17,Hamilton,Product-26,Books,Cartoon,Warner Bros,5,1703.89,1698.47,5.42
NZ-ORD-18,2023-01-18,Wellington,Product-16,Home Decor,Vase,Midea,10,1068.13,1039.56,28.57
NZ-ORD-19,2023-01-19,Dunedin,Product-9,Home Decor,Curtain,Rails,3,230.45,64.94,165.51
NZ-ORD-20,2023-01-20,Hamilton,Product-28,Toys,Doll,Yin Mang,3,1983.13,1746.57,236.56
NZ-ORD-21,2023-01-21,Dunedin,Product-3,Clothing,Pant,Adidas,7,1412.79,1199.3,213.49
NZ-ORD-22,2023-01-22,Wellington,Product-7,Books,Romance,Disney,9,1497.35,1039.27,458.08
NZ-ORD-23,2023-01-23,Auckland,Product-22,Clothing,Jacket,Adidas,2,1454.58,1286.22,168.36
NZ-ORD-24,2023-01-24,Hamilton,Product-10,Books,Romance,Disney,7,1492.82,1534.72,-41.9
NZ-ORD-25,2023-01-25,Auckland,Product-30,Electronics,CCTV,Samsung,9,1891.48,1733.71,157.77
NZ-ORD-26,2023-01-26,Dunedin,Product-11,Toys,Card Game,Marvel,8,66.05,-94.52,160.57
NZ-ORD-27,2023-01-27,Dunedin,Product-29,Clothing,Shoe,Converse,5,1038.45,775.26,263.19
NZ-ORD-28,2023-01-28,Christchurch,Product-21,Home Decor,Miniature Statue,Bucchari,2,1954.62,1998.76,-44.14
NZ-ORD-29,2023-01-29,Wellington,Product-29,Home Decor,Vase,IKEA,4,1558.92,1288.76,270.16
NZ-ORD-30,2023-01-30,Hamilton,Product-22,Electronics,Mobile Phone,Vivo,6,1164.95,1168.19,-3.24
NZ-ORD-31,2023-01-31,Auckland,Product-7,Toys,Doll,Hasbro,10,1496.33,1099.56,396.77
NZ-ORD-32,2023-02-01,Christchurch,Product-27,Clothing,Shirt,Converse,7,339.2,136.62,202.58
NZ-ORD-33,2023-02-02,Dunedin,Product-29,Clothing,Shoe,Adidas,4,202.99,251.09,-48.1
NZ-ORD-34,2023-02-03,Hamilton,Product-9,Home Decor,Vase,Foshan,2,826.14,692.59,133.55
NZ-ORD-35,2023-02-04,Auckland,Product-2,Electronics,Mobile Phone,Oppo,10,793.24,625.47,167.77
NZ-ORD-36,2023-02-05,Christchurch,Product-22,Home Decor,Window Blind,Kels,6,481.32,105.32,376
NZ-ORD-37,2023-02-06,Hamilton,Product-26,Home Decor,Vinyl Paper,Kenko,9,1222.2,1072.76,149.44
NZ-ORD-38,2023-02-07,Dunedin,Product-28,Clothing,Jacket,Nike,1,1432.87,1490.16,-57.29
NZ-ORD-39,2023-02-08,Auckland,Product-29,Electronics,Mobile Phone,Apple,3,1958.79,1959.7,-0.91
NZ-ORD-40,2023-02-09,Auckland,Product-15,Books,Documentary,National Geographic,4,576.75,167.72,409.03
NZ-ORD-41,2023-02-10,Dunedin,Product-20,Electronics,TV,Samsung,10,1357.52,1146.86,210.66
NZ-ORD-42,2023-02-11,Dunedin,Product-4,Toys,Puzzle,Marvel,10,531.25,200.69,330.56
NZ-ORD-43,2023-02-12,Auckland,Product-14,Toys,Puzzle,Hasbro,5,1097.27,764.5,332.77
NZ-ORD-44,2023-02-13,Auckland,Product-5,Books,Romance,Warner Bros,8,1639,1348.61,290.39
NZ-ORD-45,2023-02-14,Wellington,Product-5,Books,Romance,Lionsgate,2,1256.06,830.68,425.38
NZ-ORD-46,2023-02-15,Wellington,Product-29,Toys,Puzzle,Gramedia,9,353.65,412.55,-58.9
NZ-ORD-47,2023-02-16,Wellington,Product-3,Clothing,Shirt,New Balance,6,1534.52,1429.16,105.36
NZ-ORD-48,2023-02-17,Hamilton,Product-26,Toys,Card Game,Dungeons,9,1970.79,1824.25,146.54
NZ-ORD-49,2023-02-18,Hamilton,Product-26,Clothing,T-Shirt,Puma,2,136.91,-122.16,259.07
NZ-ORD-50,2023-02-19,Auckland,Product-25,Books,Documentary,National Geographic,8,1762.82,1362.06,400.76
NZ-ORD-51,2023-02-20,Wellington,Product-9,Clothing,Jacket,Nike,9,83.6,-175.32,258.92
NZ-ORD-52,2023-02-21,Hamilton,Product-28,Home Decor,Curtain,IKEA,6,890.18,453.46,436.72
NZ-ORD-53,2023-02-22,Christchurch,Product-16,Home Decor,Vase,IKEA,3,1243.11,1039.72,203.39
NZ-ORD-54,2023-02-23,Christchurch,Product-25,Toys,Robot,Capcom,4,1358.1,1401.24,-43.14
NZ-ORD-55,2023-02-24,Dunedin,Product-16,Home Decor,Vinyl Paper,Kenko,7,869.48,701.87,167.61
NZ-ORD-56,2023-02-25,Auckland,Product-23,Books,Comedy,20th Century Fox,5,315.06,-114.96,430.02
NZ-ORD-57,2023-02-26,Wellington,Product-5,Clothing,Shirt,Puma,4,406.7,341.89,64.81
NZ-ORD-58,2023-02-27,Auckland,Product-24,Electronics,DVD Player,Changhong,7,1770.33,1354.82,415.51
NZ-ORD-59,2023-02-28,Hamilton,Product-13,Toys,Board Game,Marvel,7,534.81,218.07,316.74
NZ-ORD-60,2023-03-01,Dunedin,Product-28,Home Decor,Curtain,Kels,10,877.85,758.04,119.81
NZ-ORD-61,2023-03-02,Christchurch,Product-27,Electronics,DVD Player,Panasonic,1,699.85,593.01,106.84
NZ-ORD-62,2023-03-03,Wellington,Product-6,Electronics,Mobile Phone,Apple,8,1770.53,1703.63,66.9
NZ-ORD-63,2023-03-04,Wellington,Product-20,Electronics,CCTV,Toshiba,7,609.31,151.15,458.16
NZ-ORD-64,2023-03-05,Hamilton,Product-10,Home Decor,Vinyl Paper,Level Up,2,818.65,383.68,434.97
NZ-ORD-65,2023-03-06,Hamilton,Product-29,Electronics,CCTV,Huawei,1,422.96,37.57,385.39
NZ-ORD-66,2023-03-07,Hamilton,Product-1,Electronics,Mobile Phone,Huawei,6,1845.43,1887.19,-41.76
NZ-ORD-67,2023-03-08,Dunedin,Product-22,Toys,Board Game,Hasbro,7,655.62,653.93,1.69
NZ-ORD-68,2023-03-09,Wellington,Product-14,Clothing,T-Shirt,Converse,4,930.88,496.33,434.55
NZ-ORD-69,2023-03-10,Christchurch,Product-21,Home Decor,Curtain,IKEA,5,1026.31,646.65,379.66
NZ-ORD-70,2023-03-11,Dunedin,Product-25,Toys,Doll,Yin Mang,3,537.87,175.04,362.83
NZ-ORD-71,2023-03-12,Hamilton,Product-11,Clothing,T-Shirt,Puma,3,1983.15,1541.76,441.39
NZ-ORD-72,2023-03-13,Dunedin,Product-3,Books,Comedy,Warner Bros,7,1480.3,1231.09,249.21
NZ-ORD-73,2023-03-14,Christchurch,Product-24,Books,Romance,Warner Bros,7,664.41,336.99,327.42
NZ-ORD-74,2023-03-15,Dunedin,Product-15,Books,Comedy,Warner Bros,4,848.55,425.1,423.45
NZ-ORD-75,2023-03-16,Christchurch,Product-3,Clothing,Jacket,Puma,1,624.22,527.41,96.81
NZ-ORD-76,2023-03-17,Wellington,Product-19,Clothing,Shoe,Adidas,5,65,63.71,1.29
NZ-ORD-77,2023-03-18,Dunedin,Product-20,Clothing,Jacket,Converse,1,943.62,467.7,475.92
NZ-ORD-78,2023-03-19,Dunedin,Product-26,Toys,Board Game,Century,7,1565.39,1487.15,78.24
NZ-ORD-79,2023-03-20,Hamilton,Product-2,Home Decor,Vinyl Paper,Joyko,7,1738.05,1472.19,265.86
NZ-ORD-80,2023-03-21,Auckland,Product-24,Books,Cartoon,Pixar,2,499.18,427.01,72.17
NZ-ORD-81,2023-03-22,Wellington,Product-23,Electronics,Hardisk SDD,Sandisk,2,486.64,295.47,191.17
NZ-ORD-82,2023-03-23,Christchurch,Product-1,Toys,Robot,Namco,8,1598.85,1371.68,227.17
NZ-ORD-83,2023-03-24,Auckland,Product-25,Toys,Card Game,Marvel,6,1911.07,1413.57,497.5
NZ-ORD-84,2023-03-25,Christchurch,Product-28,Books,Romance,20th Century Fox,8,1481.26,1299.35,181.91
NZ-ORD-85,2023-03-26,Wellington,Product-8,Clothing,Pant,New Balance,8,583.23,612.6,-29.37
NZ-ORD-86,2023-03-27,Dunedin,Product-1,Electronics,CCTV,Huawei,9,84.07,-15.13,99.2
NZ-ORD-87,2023-03-28,Wellington,Product-28,Clothing,Shirt,Converse,7,1368.66,1335.33,33.33
NZ-ORD-88,2023-03-29,Dunedin,Product-22,Electronics,Hardisk SDD,Seagate,6,216.85,-250.8,467.65
NZ-ORD-89,2023-03-30,Hamilton,Product-18,Home Decor,Window Blind,Kels,10,1826.54,1870.78,-44.24
NZ-ORD-90,2023-03-31,Hamilton,Product-16,Electronics,Hardisk SDD,Samsung,1,421.92,476.92,-55
NZ-ORD-91,2023-04-01,Christchurch,Product-22,Toys,Doll,Lego,8,1951.56,1977.88,-26.32
NZ-ORD-92,2023-04-02,Hamilton,Product-25,Books,Documentary,Universal,7,1605.88,1661.79,-55.91
NZ-ORD-93,2023-04-03,Christchurch,Product-25,Toys,Robot,Konami,8,1198.69,1092.31,106.38
NZ-ORD-94,2023-04-04,Christchurch,Product-3,Clothing,Shirt,Nike,2,1914.79,1700.11,214.68
NZ-ORD-95,2023-04-05,Hamilton,Product-5,Toys,Board Game,Century,9,519.96,139.67,380.29
NZ-ORD-96,2023-04-06,Christchurch,Product-27,Clothing,Shirt,Adidas,4,1986.9,1630.44,356.46
NZ-ORD-97,2023-04-07,Christchurch,Product-14,Toys,Card Game,Telltale,8,1689.72,1247.06,442.66
NZ-ORD-98,2023-04-08,Christchurch,Product-23,Books,Romance,Universal,3,1579.83,1446.17,133.66
NZ-ORD-99,2023-04-09,Auckland,Product-21,Electronics,CCTV,Sony,10,891.91,740.78,151.13
NZ-ORD-100,2023-04-10,Auckland,Product-3,Clothing,Shirt,New Balance,8,1076.32,1125.36,-49.04
NZ-ORD-101,2023-04-11,Christchurch,Product-4,Electronics,DVD Player,Changhong,8,420.02,205.5,214.52
NZ-ORD-102,2023-04-12,Hamilton,Product-9,Clothing,Pant,Converse,9,1424.52,1520.33,-95.81
NZ-ORD-103,2023-04-13,Dunedin,Product-18,Electronics,TV,Sony,3,268.79,180.48,88.31
NZ-ORD-104,2023-04-14,Wellington,Product-8,Home Decor,Curtain,Brother,4,1635.78,1643.74,-7.96
NZ-ORD-105,2023-04-15,Auckland,Product-20,Home Decor,Window Blind,Rails,2,1627.58,1498.72,128.86
NZ-ORD-106,2023-04-16,Wellington,Product-20,Clothing,Jacket,New Balance,8,1271.38,1071.06,200.32
NZ-ORD-107,2023-04-17,Wellington,Product-14,Books,Cartoon,Disney,8,1290.59,1344.3,-53.71
NZ-ORD-108,2023-04-18,Dunedin,Product-8,Home Decor,Vase,Zhongwei,1,555.6,489.48,66.12
NZ-ORD-109,2023-04-19,Christchurch,Product-13,Clothing,Pant,Nike,6,294.76,49.44,245.32
NZ-ORD-110,2023-04-20,Wellington,Product-13,Toys,Puzzle,Gramedia,2,1997.72,1549.91,447.81
NZ-ORD-111,2023-04-21,Hamilton,Product-11,Home Decor,Window Blind,Bardy,1,1847.68,1818.9,28.78
NZ-ORD-112,2023-04-22,Wellington,Product-5,Toys,Card Game,Marvel,10,1840.79,1685.41,155.38
NZ-ORD-113,2023-04-23,Dunedin,Product-17,Electronics,Hardisk SDD,Samsung,6,61.13,-329.81,390.94
NZ-ORD-114,2023-04-24,Wellington,Product-17,Toys,Puzzle,Gramedia,3,1652.55,1158.49,494.06
NZ-ORD-115,2023-04-25,Hamilton,Product-18,Clothing,Shirt,Nike,2,1453.01,1052.14,400.87
NZ-ORD-116,2023-04-26,Auckland,Product-2,Books,Documentary,Discovery,2,471.3,560.04,-88.74
NZ-ORD-117,2023-04-27,Wellington,Product-16,Toys,Puzzle,Marvel,2,911.36,903.96,7.4
NZ-ORD-118,2023-04-28,Christchurch,Product-18,Home Decor,Window Blind,IKEA,8,1541.18,1281.8,259.38
NZ-ORD-119,2023-04-29,Wellington,Product-11,Toys,Card Game,Telltale,3,378.4,6.44,371.96
NZ-ORD-120,2023-04-30,Hamilton,Product-8,Books,Cartoon,Nickelodeon,10,1898.21,1976.72,-78.51
NZ-ORD-121,2023-05-01,Dunedin,Product-17,Home Decor,Vinyl Paper,Joyko,4,1354.96,1329.94,25.02
NZ-ORD-122,2023-05-02,Dunedin,Product-24,Home Decor,Vinyl Paper,Kenko,4,1917.61,1896.86,20.75
NZ-ORD-123,2023-05-03,Auckland,Product-2,Toys,Puzzle,Marvel,3,510.84,421.1,89.74
NZ-ORD-124,2023-05-04,Wellington,Product-2,Toys,Doll,Hasbro,10,886.32,923.73,-37.41
NZ-ORD-125,2023-05-05,Dunedin,Product-23,Electronics,TV,Xiaomi,3,1685.93,1718.64,-32.71
NZ-ORD-126,2023-05-06,Christchurch,Product-24,Home Decor,Curtain,IKEA,10,461.78,452.85,8.93
NZ-ORD-127,2023-05-07,Wellington,Product-24,Clothing,Jacket,Converse,6,1333.6,1222.38,111.22
NZ-ORD-128,2023-05-08,Dunedin,Product-23,Electronics,CCTV,Xiaomi,3,960.73,512.55,448.18
NZ-ORD-129,2023-05-09,Dunedin,Product-2,Home Decor,Window Blind,Brother,5,763.01,691.76,71.25
NZ-ORD-130,2023-05-10,Hamilton,Product-27,Clothing,Pant,Puma,6,554.83,259.72,295.11
NZ-ORD-131,2023-05-11,Dunedin,Product-5,Home Decor,Vinyl Paper,Kenko,10,1381.58,980.69,400.89
NZ-ORD-132,2023-05-12,Wellington,Product-28,Books,Romance,Warner Bros,6,575.7,609.84,-34.14
NZ-ORD-133,2023-05-13,Christchurch,Product-4,Toys,Board Game,Century,8,193.01,204.29,-11.28
NZ-ORD-134,2023-05-14,Dunedin,Product-6,Clothing,Shoe,New Balance,5,998.41,717.52,280.89
NZ-ORD-135,2023-05-15,Hamilton,Product-13,Toys,Card Game,Dungeons,7,1144.64,721.5,423.14
NZ-ORD-136,2023-05-16,Dunedin,Product-17,Clothing,Pant,New Balance,1,1712.5,1531.88,180.62
NZ-ORD-137,2023-05-17,Christchurch,Product-11,Toys,Card Game,Telltale,10,141.13,78.87,62.26
NZ-ORD-138,2023-05-18,Christchurch,Product-16,Home Decor,Vinyl Paper,Level Up,8,92.33,136.79,-44.46
NZ-ORD-139,2023-05-19,Dunedin,Product-26,Electronics,Hardisk SDD,Samsung,3,1485.48,1264.34,221.14
NZ-ORD-140,2023-05-20,Christchurch,Product-18,Clothing,Shirt,Puma,7,986.12,962.82,23.3
NZ-ORD-141,2023-05-21,Dunedin,Product-19,Clothing,Shirt,New Balance,5,1405.55,1439.92,-34.37
NZ-ORD-142,2023-05-22,Christchurch,Product-11,Home Decor,Vinyl Paper,Level Up,1,1180.65,1223.6,-42.95
NZ-ORD-143,2023-05-23,Dunedin,Product-16,Clothing,Jacket,Nike,2,1230.42,1253.47,-23.05
NZ-ORD-144,2023-05-24,Hamilton,Product-13,Home Decor,Window Blind,Rails,6,1956.43,1990.08,-33.65
NZ-ORD-145,2023-05-25,Wellington,Product-28,Clothing,Shoe,Puma,10,625.25,660.46,-35.21
NZ-ORD-146,2023-05-26,Christchurch,Product-10,Electronics,Mobile Phone,Huawei,3,1778.05,1316.37,461.68
NZ-ORD-147,2023-05-27,Wellington,Product-6,Books,Cartoon,Disney,3,1775.15,1647.4,127.75
NZ-ORD-148,2023-05-28,Hamilton,Product-14,Toys,Robot,Sega,2,1747.41,1606.11,141.3
NZ-ORD-149,2023-05-29,Dunedin,Product-7,Toys,Doll,Marvel,10,60.22,-357.31,417.53
NZ-ORD-150,2023-05-30,Hamilton,Product-4,Toys,Puzzle,Wonder World,9,624.89,373.1,251.79
NZ-ORD-151,2023-05-31,Dunedin,Product-7,Books,Romance,Universal,1,1242.21,1015.15,227.06
NZ-ORD-152,2023-06-01,Christchurch,Product-5,Books,Comedy,Lionsgate,2,865.07,538.49,326.58
NZ-ORD-153,2023-06-02,Hamilton,Product-9,Clothing,Shirt,New Balance,5,121.28,-330.25,451.53
NZ-ORD-154,2023-06-03,Hamilton,Product-24,Clothing,Pant,Adidas,8,1863.17,1629.7,233.47
NZ-ORD-155,2023-06-04,Dunedin,Product-10,Books,Cartoon,Nickelodeon,4,1907.11,1483.48,423.63
NZ-ORD-156,2023-06-05,Dunedin,Product-16,Clothing,Shirt,New Balance,2,1090.78,1043.16,47.62
NZ-ORD-157,2023-06-06,Auckland,Product-27,Books,Documentary,National Geographic,4,1947.98,1623.96,324.02
NZ-ORD-158,2023-06-07,Christchurch,Product-7,Books,Romance,Universal,10,1159.58,947.94,211.64
NZ-ORD-159,2023-06-08,Dunedin,Product-27,Electronics,Mobile Phone,Vivo,2,1788.49,1663.42,125.07
NZ-ORD-160,2023-06-09,Dunedin,Product-17,Toys,Doll,Yin Mang,9,606.08,359.66,246.42
NZ-ORD-161,2023-06-10,Wellington,Product-19,Toys,Doll,Marvel,8,63.87,-213.45,277.32
NZ-ORD-162,2023-06-11,Christchurch,Product-19,Electronics,TV,Panasonic,1,77.76,27.04,50.72
NZ-ORD-163,2023-06-12,Auckland,Product-25,Books,Comedy,Lionsgate,9,733.74,348.57,385.17
NZ-ORD-164,2023-06-13,Wellington,Product-3,Home Decor,Miniature Statue,Baurdani,10,293.2,21.19,272.01
NZ-ORD-165,2023-06-14,Christchurch,Product-10,Electronics,Hardisk SDD,Seagate,2,765.58,646.31,119.27
NZ-ORD-166,2023-06-15,Christchurch,Product-25,Clothing,Jacket,New Balance,3,873.33,871.94,1.39
NZ-ORD-167,2023-06-16,Dunedin,Product-12,Toys,Board Game,Exploding,9,91.79,3.56,88.23
NZ-ORD-168,2023-06-17,Auckland,Product-29,Home Decor,Window Blind,Rails,7,1063.81,759.78,304.03
NZ-ORD-169,2023-06-18,Hamilton,Product-14,Books,Documentary,Warner Bros,7,1652.28,1416.46,235.82
NZ-ORD-170,2023-06-19,Auckland,Product-12,Home Decor,Vinyl Paper,Seiko,1,695.55,554.8,140.75
NZ-ORD-171,2023-06-20,Christchurch,Product-9,Toys,Robot,Namco,9,634.38,281.43,352.95
NZ-ORD-172,2023-06-21,Dunedin,Product-8,Electronics,Mobile Phone,Apple,8,515.52,193.44,322.08
NZ-ORD-173,2023-06-22,Auckland,Product-18,Home Decor,Vase,Yuzhei Wong,10,1076.78,787.21,289.57
NZ-ORD-174,2023-06-23,Hamilton,Product-28,Home Decor,Curtain,Brother,9,1838.54,1797.91,40.63
NZ-ORD-175,2023-06-24,Dunedin,Product-13,Electronics,Mobile Phone,Apple,5,403.79,-43.47,447.26
NZ-ORD-176,2023-06-25,Christchurch,Product-17,Home Decor,Vase,Foshan,2,940.13,783.44,156.69
NZ-ORD-177,2023-06-26,Dunedin,Product-8,Home Decor,Curtain,IKEA,4,429.28,333.17,96.11
NZ-ORD-178,2023-06-27,Dunedin,Product-7,Electronics,DVD Player,Changhong,1,1505.11,1438.88,66.23
NZ-ORD-179,2023-06-28,Christchurch,Product-21,Books,Comedy,Universal,7,197.12,3.2,193.92
NZ-ORD-180,2023-06-29,Dunedin,Product-18,Toys,Robot,Bandai,3,1165.81,904.31,261.5
NZ-ORD-181,2023-06-30,Wellington,Product-18,Electronics,DVD Player,Changhong,10,33.39,47.83,-14.44
NZ-ORD-182,2023-07-01,Dunedin,Product-25,Books,Documentary,Discovery,7,1471.36,1339.44,131.92
NZ-ORD-183,2023-07-02,Dunedin,Product-20,Electronics,TV,Panasonic,1,1184.01,1235.37,-51.36
NZ-ORD-184,2023-07-03,Dunedin,Product-5,Clothing,Shoe,Puma,2,1226.21,1286.47,-60.26
NZ-ORD-185,2023-07-04,Auckland,Product-28,Books,Horror,Universal,1,821.21,542.15,279.06
NZ-ORD-186,2023-07-05,Dunedin,Product-3,Toys,Board Game,Exploding,4,1742.95,1464.54,278.41
NZ-ORD-187,2023-07-06,Hamilton,Product-19,Clothing,Pant,New Balance,10,372.96,360.67,12.29
NZ-ORD-188,2023-07-07,Auckland,Product-28,Books,Comedy,Disney,8,1069.84,820.26,249.58
NZ-ORD-189,2023-07-08,Wellington,Product-9,Home Decor,Vinyl Paper,Joyko,5,278.03,274.15,3.88
NZ-ORD-190,2023-07-09,Auckland,Product-7,Clothing,T-Shirt,Puma,1,93.49,161.17,-67.68
NZ-ORD-191,2023-07-10,Hamilton,Product-21,Books,Horror,Universal,2,162.07,-244.78,406.85
NZ-ORD-192,2023-07-11,Dunedin,Product-18,Clothing,Shirt,Puma,8,119.06,-110.18,229.24
NZ-ORD-193,2023-07-12,Wellington,Product-20,Home Decor,Curtain,Bardy,10,1713.19,1382.88,330.31
NZ-ORD-194,2023-07-13,Christchurch,Product-4,Home Decor,Miniature Statue,Baurdani,5,1584.09,1652.36,-68.27
NZ-ORD-195,2023-07-14,Hamilton,Product-16,Electronics,TV,Xiaomi,9,837.58,746.07,91.51
NZ-ORD-196,2023-07-15,Hamilton,Product-27,Toys,Card Game,Marvel,4,634.42,322.12,312.3
NZ-ORD-197,2023-07-16,Auckland,Product-20,Books,Comedy,Warner Bros,9,155.11,-51.44,206.55
NZ-ORD-198,2023-07-17,Wellington,Product-28,Toys,Board Game,Hasbro,10,1843.22,1443.36,399.86
NZ-ORD-199,2023-07-18,Christchurch,Product-9,Home Decor,Vinyl Paper,Seven,5,860.77,656.94,203.83
NZ-ORD-200,2023-07-19,Christchurch,Product-6,Toys,Puzzle,Marvel,10,1816.19,1592.28,223.91
NZ-ORD-201,2023-07-20,Dunedin,Product-11,Books,Romance,Disney,4,782.11,436.78,345.33
NZ-ORD-202,2023-07-21,Dunedin,Product-17,Electronics,CCTV,Xiaomi,9,1301.83,1260.8,41.03
NZ-ORD-203,2023-07-22,Dunedin,Product-15,Home Decor,Curtain,Kels,3,1912.1,1671.47,240.63
NZ-ORD-204,2023-07-23,Auckland,Product-1,Books,Documentary,20th Century Fox,1,999.42,1055.9,-56.48
NZ-ORD-205,2023-07-24,Wellington,Product-14,Toys,Puzzle,Telltale,9,1773.65,1738.12,35.53
NZ-ORD-206,2023-07-25,Christchurch,Product-25,Books,Horror,Lionsgate,9,1253.04,962.5,290.54
NZ-ORD-207,2023-07-26,Auckland,Product-18,Toys,Puzzle,Marvel,9,1926.68,1707.14,219.54
NZ-ORD-208,2023-07-27,Hamilton,Product-9,Home Decor,Vase,Zhongwei,3,392.13,92.4,299.73
NZ-ORD-209,2023-07-28,Auckland,Product-13,Clothing,Jacket,Converse,10,507.18,499.65,7.53
NZ-ORD-210,2023-07-29,Hamilton,Product-25,Home Decor,Miniature Statue,Bucchari,7,1445.47,1315.66,129.81
NZ-ORD-211,2023-07-30,Hamilton,Product-1,Clothing,Jacket,Converse,1,215.94,126.05,89.89
NZ-ORD-212,2023-07-31,Hamilton,Product-23,Toys,Board Game,Exploding,9,1914.12,1447.31,466.81
NZ-ORD-213,2023-08-01,Christchurch,Product-29,Clothing,Shirt,Converse,7,853.52,925.17,-71.65
NZ-ORD-214,2023-08-02,Auckland,Product-14,Toys,Card Game,Hasbro,9,197.65,-186.2,383.85
NZ-ORD-215,2023-08-03,Christchurch,Product-20,Books,Horror,Bloom House,1,1416.08,1238.96,177.12
NZ-ORD-216,2023-08-04,Dunedin,Product-4,Toys,Board Game,Century,6,1021.08,1079.39,-58.31
NZ-ORD-217,2023-08-05,Dunedin,Product-22,Electronics,DVD Player,Panasonic,7,92.63,-332.55,425.18
NZ-ORD-218,2023-08-06,Christchurch,Product-4,Clothing,Shoe,Converse,2,187.11,-262.14,449.25
NZ-ORD-219,2023-08-07,Dunedin,Product-15,Clothing,Jacket,Adidas,6,1985.21,1631.83,353.38
NZ-ORD-220,2023-08-08,Christchurch,Product-6,Electronics,TV,Toshiba,2,1860.09,1645.58,214.51
NZ-ORD-221,2023-08-09,Wellington,Product-1,Electronics,CCTV,Xiaomi,4,764.85,338.49,426.36
NZ-ORD-222,2023-08-10,Wellington,Product-28,Home Decor,Miniature Statue,Holmes Brok,4,499.24,54.16,445.08
NZ-ORD-223,2023-08-11,Auckland,Product-19,Home Decor,Window Blind,Kels,2,377.06,406.82,-29.76
NZ-ORD-224,2023-08-12,Auckland,Product-23,Home Decor,Miniature Statue,Bucchari,4,490.59,72.84,417.75
NZ-ORD-225,2023-08-13,Christchurch,Product-10,Toys,Doll,Marvel,1,1068.55,805.98,262.57
NZ-ORD-226,2023-08-14,Dunedin,Product-3,Electronics,Hardisk SDD,Seagate,9,851.96,729.5,122.46
NZ-ORD-227,2023-08-15,Dunedin,Product-3,Toys,Card Game,Century,3,1353.64,1329.74,23.9
NZ-ORD-228,2023-08-16,Auckland,Product-30,Clothing,T-Shirt,Nike,3,1342.05,1061.71,280.34
NZ-ORD-229,2023-08-17,Wellington,Product-14,Books,Cartoon,Nickelodeon,3,708.22,740.74,-32.52
NZ-ORD-230,2023-08-18,Dunedin,Product-23,Home Decor,Vase,Foshan,10,1590.52,1371.17,219.35
NZ-ORD-231,2023-08-19,Dunedin,Product-18,Home Decor,Window Blind,IKEA,2,123.13,-149.39,272.52
NZ-ORD-232,2023-08-20,Wellington,Product-5,Home Decor,Curtain,Kels,1,182.17,-8.12,190.29
NZ-ORD-233,2023-08-21,Christchurch,Product-19,Toys,Doll,Marvel,1,801.3,351.06,450.24
NZ-ORD-234,2023-08-22,Hamilton,Product-20,Home Decor,Curtain,Brother,3,1522.91,1602.88,-79.97
NZ-ORD-235,2023-08-23,Christchurch,Product-12,Toys,Doll,Yin Mang,7,1240.05,1322.98,-82.93
NZ-ORD-236,2023-08-24,Dunedin,Product-2,Clothing,Shoe,New Balance,2,1028.46,686.56,341.9
NZ-ORD-237,2023-08-25,Wellington,Product-10,Books,Horror,Bloom House,3,1884.09,1424.4,459.69
NZ-ORD-238,2023-08-26,Christchurch,Product-1,Clothing,Shirt,Converse,6,428.02,442.5,-14.48
NZ-ORD-239,2023-08-27,Wellington,Product-13,Books,Comedy,Lionsgate,9,344.42,257.49,86.93
NZ-ORD-240,2023-08-28,Auckland,Product-22,Electronics,Mobile Phone,Huawei,7,74.12,-211.87,285.99
NZ-ORD-241,2023-08-29,Auckland,Product-26,Clothing,Jacket,New Balance,4,962.49,733.98,228.51
NZ-ORD-242,2023-08-30,Christchurch,Product-20,Clothing,Jacket,Adidas,7,925.18,552.26,372.92
NZ-ORD-243,2023-08-31,Dunedin,Product-25,Books,Documentary,Universal,4,67.82,-352.32,420.14
NZ-ORD-244,2023-09-01,Auckland,Product-12,Home Decor,Vase,Midea,10,587.8,353.11,234.69
NZ-ORD-245,2023-09-02,Christchurch,Product-27,Books,Cartoon,Pixar,1,1207.14,1106.39,100.75
NZ-ORD-246,2023-09-03,Christchurch,Product-16,Clothing,Pant,Nike,3,976.39,480.44,495.95
NZ-ORD-247,2023-09-04,Dunedin,Product-18,Clothing,Shirt,Converse,4,1462.25,1073.69,388.56
NZ-ORD-248,2023-09-05,Wellington,Product-27,Toys,Puzzle,Gramedia,3,610.02,419.64,190.38
NZ-ORD-249,2023-09-06,Hamilton,Product-10,Electronics,Mobile Phone,Huawei,6,599.1,169.57,429.53
NZ-ORD-250,2023-09-07,Christchurch,Product-25,Toys,Puzzle,Telltale,2,780.6,314.25,466.35
NZ-ORD-251,2023-09-08,Hamilton,Product-6,Clothing,Shirt,Puma,8,1694.22,1683.2,11.02
NZ-ORD-252,2023-09-09,Hamilton,Product-5,Clothing,Pant,Converse,8,1816.78,1599.84,216.94
NZ-ORD-253,2023-09-10,Wellington,Product-29,Home Decor,Vase,Zhongwei,3,975.69,484.29,491.4
NZ-ORD-254,2023-09-11,Christchurch,Product-7,Electronics,TV,Toshiba,1,50.72,70.4,-19.68
NZ-ORD-255,2023-09-12,Wellington,Product-4,Home Decor,Vinyl Paper,Kenko,5,714.09,492.13,221.96
NZ-ORD-256,2023-09-13,Auckland,Product-29,Home Decor,Window Blind,IKEA,4,1654.73,1382.63,272.1
NZ-ORD-257,2023-09-14,Hamilton,Product-30,Toys,Robot,Konami,7,1108.1,840.42,267.68
NZ-ORD-258,2023-09-15,Christchurch,Product-18,Clothing,T-Shirt,New Balance,9,1358.57,1097.07,261.5
NZ-ORD-259,2023-09-16,Hamilton,Product-22,Toys,Board Game,Marvel,7,193.43,2.8,190.63
NZ-ORD-260,2023-09-17,Christchurch,Product-19,Books,Comedy,Disney,7,29.74,-95.92,125.66
NZ-ORD-261,2023-09-18,Auckland,Product-1,Clothing,Jacket,Adidas,1,990.29,1075.22,-84.93
NZ-ORD-262,2023-09-19,Auckland,Product-6,Clothing,Shirt,Adidas,8,962.55,916.58,45.97
NZ-ORD-263,2023-09-20,Wellington,Product-12,Electronics,Mobile Phone,Apple,10,953.13,933.09,20.04
NZ-ORD-264,2023-09-21,Dunedin,Product-2,Home Decor,Window Blind,Bardy,1,1840.18,1354.35,485.83
NZ-ORD-265,2023-09-22,Hamilton,Product-6,Home Decor,Miniature Statue,Bucchari,8,459.22,293.46,165.76
NZ-ORD-266,2023-09-23,Auckland,Product-27,Clothing,T-Shirt,Adidas,6,953.07,1033.04,-79.97
NZ-ORD-267,2023-09-24,Dunedin,Product-19,Home Decor,Miniature Statue,Oates,2,1285.13,932.62,352.51
NZ-ORD-268,2023-09-25,Auckland,Product-6,Toys,Doll,Lego,10,1722.02,1781.38,-59.36
NZ-ORD-269,2023-09-26,Christchurch,Product-25,Books,Documentary,20th Century Fox,8,785.14,574.1,211.04
NZ-ORD-270,2023-09-27,Hamilton,Product-9,Electronics,DVD Player,Changhong,5,1223.5,1164.08,59.42
NZ-ORD-271,2023-09-28,Hamilton,Product-2,Home Decor,Window Blind,Kels,1,952.87,557.1,395.77
NZ-ORD-272,2023-09-29,Christchurch,Product-30,Electronics,Hardisk SDD,Seagate,5,1480.91,1173.49,307.42
NZ-ORD-273,2023-09-30,Auckland,Product-26,Toys,Board Game,Marvel,2,168.77,-83.74,252.51
NZ-ORD-274,2023-10-01,Hamilton,Product-13,Clothing,T-Shirt,Nike,8,1814.94,1466.02,348.92
NZ-ORD-275,2023-10-02,Wellington,Product-8,Books,Comedy,20th Century Fox,8,1523.52,1054.8,468.72
NZ-ORD-276,2023-10-03,Wellington,Product-13,Clothing,Pant,Converse,2,146.87,-126.67,273.54
NZ-ORD-277,2023-10-04,Wellington,Product-29,Clothing,Jacket,Converse,10,798.57,404.23,394.34
NZ-ORD-278,2023-10-05,Christchurch,Product-8,Electronics,Hardisk SDD,Kingston,2,1068.73,638.42,430.31
NZ-ORD-279,2023-10-06,Auckland,Product-10,Clothing,Shirt,Adidas,6,520.07,171.83,348.24
NZ-ORD-280,2023-10-07,Auckland,Product-7,Books,Comedy,Warner Bros,1,421.22,42.44,378.78
NZ-ORD-281,2023-10-08,Dunedin,Product-6,Electronics,DVD Player,Panasonic,3,922.14,1017.97,-95.83
NZ-ORD-282,2023-10-09,Dunedin,Product-9,Home Decor,Curtain,Bardy,10,1567.81,1481.26,86.55
NZ-ORD-283,2023-10-10,Auckland,Product-20,Toys,Puzzle,Gramedia,4,1075.87,755.47,320.4
NZ-ORD-284,2023-10-11,Hamilton,Product-3,Home Decor,Curtain,Kels,5,916.32,789.31,127.01
NZ-ORD-285,2023-10-12,Dunedin,Product-12,Electronics,TV,Toshiba,4,892.22,508.01,384.21
NZ-ORD-286,2023-10-13,Christchurch,Product-12,Books,Documentary,Warner Bros,7,1558.94,1145.09,413.85
NZ-ORD-287,2023-10-14,Wellington,Product-24,Electronics,DVD Player,Panasonic,1,1247.16,1029.01,218.15
NZ-ORD-288,2023-10-15,Wellington,Product-8,Books,Documentary,Warner Bros,5,1381.62,1080.97,300.65
NZ-ORD-289,2023-10-16,Hamilton,Product-7,Clothing,T-Shirt,Puma,7,304.41,370.73,-66.32
NZ-ORD-290,2023-10-17,Dunedin,Product-26,Books,Documentary,20th Century Fox,9,1836.32,1743.8,92.52
NZ-ORD-291,2023-10-18,Wellington,Product-8,Toys,Puzzle,Gramedia,2,245.34,105.96,139.38
NZ-ORD-292,2023-10-19,Christchurch,Product-18,Clothing,T-Shirt,Converse,10,1852.74,1940.11,-87.37
NZ-ORD-293,2023-10-20,Dunedin,Product-20,Toys,Board Game,Exploding,6,632.93,598.57,34.36
NZ-ORD-294,2023-10-21,Christchurch,Product-23,Clothing,Shoe,Converse,10,1577.1,1383.75,193.35
NZ-ORD-295,2023-10-22,Wellington,Product-5,Toys,Puzzle,Wonder World,9,1316.77,854.75,462.02
NZ-ORD-296,2023-10-23,Wellington,Product-3,Electronics,CCTV,Xiaomi,9,1717.83,1691.02,26.81
NZ-ORD-297,2023-10-24,Auckland,Product-27,Home Decor,Vase,Foshan,8,1595.21,1304.16,291.05
NZ-ORD-298,2023-10-25,Hamilton,Product-15,Toys,Card Game,Hasbro,4,1327.73,1180.8,146.93
NZ-ORD-299,2023-10-26,Auckland,Product-29,Toys,Robot,Konami,4,1509.57,1266.48,243.09
NZ-ORD-300,2023-10-27,Dunedin,Product-23,Home Decor,Vinyl Paper,Seven,10,386.16,159.93,226.23
NZ-ORD-301,2023-10-28,Dunedin,Product-6,Electronics,DVD Player,Changhong,5,137.37,67.32,70.05
NZ-ORD-302,2023-10-29,Christchurch,Product-18,Electronics,Mobile Phone,Vivo,8,1940.32,1678.13,262.19
NZ-ORD-303,2023-10-30,Christchurch,Product-16,Books,Documentary,National Geographic,10,1568.47,1501.08,67.39
NZ-ORD-304,2023-10-31,Wellington,Product-28,Books,Comedy,Warner Bros,10,345.3,187.38,157.92
NZ-ORD-305,2023-11-01,Christchurch,Product-6,Clothing,Pant,Converse,7,1097.24,905.4,191.84
NZ-ORD-306,2023-11-02,Christchurch,Product-1,Electronics,DVD Player,Panasonic,3,839.9,665.81,174.09
NZ-ORD-307,2023-11-03,Hamilton,Product-26,Clothing,Pant,Adidas,10,542.81,52.87,489.94
NZ-ORD-308,2023-11-04,Dunedin,Product-17,Electronics,CCTV,Xiaomi,3,603.63,365.46,238.17
NZ-ORD-309,2023-11-05,Wellington,Product-6,Clothing,Shoe,New Balance,9,1269.28,1312.62,-43.34
NZ-ORD-310,2023-11-06,Wellington,Product-28,Books,Romance,Warner Bros,10,811.26,531.38,279.88
NZ-ORD-311,2023-11-07,Dunedin,Product-26,Home Decor,Miniature Statue,Bucchari,1,508.34,336.63,171.71
NZ-ORD-312,2023-11-08,Hamilton,Product-8,Toys,Doll,Barbie,6,704.49,664.96,39.53
NZ-ORD-313,2023-11-09,Dunedin,Product-3,Clothing,Shoe,Puma,1,296.39,386.88,-90.49
NZ-ORD-314,2023-11-10,Wellington,Product-23,Home Decor,Vinyl Paper,Seven,2,809.91,702.94,106.97
NZ-ORD-315,2023-11-11,Dunedin,Product-27,Books,Comedy,Warner Bros,5,1963.72,1782.84,180.88
NZ-ORD-316,2023-11-12,Auckland,Product-30,Books,Horror,Bloom House,7,671.46,334.1,337.36
NZ-ORD-317,2023-11-13,Hamilton,Product-15,Toys,Puzzle,Marvel,10,1486.57,1475.4,11.17
NZ-ORD-318,2023-11-14,Dunedin,Product-28,Home Decor,Miniature Statue,Tuscany,3,589.65,103.71,485.94
NZ-ORD-319,2023-11-15,Christchurch,Product-20,Home Decor,Vase,Zhongwei,3,233.02,117.62,115.4
NZ-ORD-320,2023-11-16,Christchurch,Product-11,Electronics,CCTV,Sony,3,107.14,18.57,88.57
NZ-ORD-321,2023-11-17,Hamilton,Product-17,Home Decor,Miniature Statue,Tuscany,7,989.52,524.65,464.87
NZ-ORD-322,2023-11-18,Auckland,Product-2,Books,Documentary,Warner Bros,6,648.64,381.09,267.55
NZ-ORD-323,2023-11-19,Dunedin,Product-23,Toys,Board Game,Hasbro,6,938.56,927.81,10.75
NZ-ORD-324,2023-11-20,Christchurch,Product-30,Electronics,Mobile Phone,Vivo,5,1707.66,1575.42,132.24
NZ-ORD-325,2023-11-21,Dunedin,Product-18,Clothing,Shoe,Puma,2,1871.12,1459.37,411.75
NZ-ORD-326,2023-11-22,Christchurch,Product-2,Home Decor,Vase,Zhongwei,7,1000.79,1021.89,-21.1
NZ-ORD-327,2023-11-23,Dunedin,Product-14,Toys,Doll,Lego,2,1192.13,915.3,276.83
NZ-ORD-328,2023-11-24,Dunedin,Product-10,Electronics,DVD Player,Sony,5,1036,562.64,473.36
NZ-ORD-329,2023-11-25,Wellington,Product-16,Home Decor,Curtain,Brother,8,650.92,639.45,11.47
NZ-ORD-330,2023-11-26,Christchurch,Product-2,Electronics,Hardisk SDD,Samsung,7,784.42,383.8,400.62
NZ-ORD-331,2023-11-27,Dunedin,Product-16,Home Decor,Curtain,Bardy,8,1351.97,1066.27,285.7
NZ-ORD-332,2023-11-28,Wellington,Product-7,Home Decor,Curtain,Rails,6,1570.56,1488.8,81.76
NZ-ORD-333,2023-11-29,Auckland,Product-19,Books,Horror,Universal,7,539.12,496.37,42.75
NZ-ORD-334,2023-11-30,Wellington,Product-11,Electronics,DVD Player,Panasonic,5,1291.88,818.36,473.52
NZ-ORD-335,2023-12-01,Hamilton,Product-26,Toys,Robot,Sega,3,970.18,598.8,371.38
NZ-ORD-336,2023-12-02,Dunedin,Product-24,Electronics,TV,Toshiba,5,1449.13,1404.41,44.72
NZ-ORD-337,2023-12-03,Wellington,Product-16,Toys,Board Game,Hasbro,10,1575.87,1458.71,117.16
NZ-ORD-338,2023-12-04,Christchurch,Product-19,Books,Cartoon,Disney,10,1021.15,649.47,371.68
NZ-ORD-339,2023-12-05,Christchurch,Product-9,Toys,Puzzle,Wonder World,6,1332.97,1431.59,-98.62
NZ-ORD-340,2023-12-06,Wellington,Product-18,Toys,Board Game,Exploding,9,844.31,741.32,102.99
NZ-ORD-341,2023-12-07,Auckland,Product-24,Clothing,Jacket,Converse,3,724.58,316.03,408.55
NZ-ORD-342,2023-12-08,Auckland,Product-1,Toys,Robot,Capcom,6,1861,1913.08,-52.08
NZ-ORD-343,2023-12-09,Hamilton,Product-23,Clothing,T-Shirt,Converse,7,1098.57,897.19,201.38
NZ-ORD-344,2023-12-10,Auckland,Product-29,Toys,Puzzle,Hasbro,4,1023.98,748.81,275.17
NZ-ORD-345,2023-12-11,Auckland,Product-18,Home Decor,Vinyl Paper,Seiko,5,566.62,538.06,28.56
NZ-ORD-346,2023-12-12,Wellington,Product-24,Books,Comedy,Disney,1,1869.41,1444.65,424.76
NZ-ORD-347,2023-12-13,Hamilton,Product-5,Books,Romance,Universal,9,1868.34,1781.21,87.13
NZ-ORD-348,2023-12-14,Auckland,Product-3,Home Decor,Vase,Yuzhei Wong,9,1709.66,1696.79,12.87
NZ-ORD-349,2023-12-15,Auckland,Product-22,Clothing,Pant,Nike,7,1765.52,1593.32,172.2
NZ-ORD-350,2023-12-16,Dunedin,Product-16,Toys,Robot,Capcom,4,1935.62,1486.16,449.46
NZ-ORD-351,2023-12-17,Christchurch,Product-13,Electronics,Mobile Phone,Oppo,7,1928.31,1893.43,34.88
NZ-ORD-352,2023-12-18,Hamilton,Product-8,Home Decor,Miniature Statue,Bucchari,3,674.2,596.53,77.67
NZ-ORD-353,2023-12-19,Christchurch,Product-18,Clothing,Shirt,Puma,10,592.16,228.68,363.48
NZ-ORD-354,2023-12-20,Christchurch,Product-4,Clothing,Pant,New Balance,4,1530.49,1240.42,290.07
NZ-ORD-355,2023-12-21,Wellington,Product-21,Books,Cartoon,Warner Bros,9,141.05,-292.91,433.96
NZ-ORD-356,2023-12-22,Christchurch,Product-5,Books,Horror,Warner Bros,10,1158.57,865.3,293.27
NZ-ORD-357,2023-12-23,Wellington,Product-25,Toys,Puzzle,Telltale,2,385.37,307.53,77.84
NZ-ORD-358,2023-12-24,Hamilton,Product-2,Clothing,Shirt,Adidas,6,369.63,420.72,-51.09
NZ-ORD-359,2023-12-25,Christchurch,Product-4,Electronics,TV,Sony,3,397.56,407.81,-10.25
NZ-ORD-360,2023-12-26,Dunedin,Product-10,Clothing,Shoe,Nike,2,1446.61,1077.13,369.48
NZ-ORD-361,2023-12-27,Hamilton,Product-27,Electronics,CCTV,Toshiba,3,1956.65,1973.88,-17.23
NZ-ORD-362,2023-12-28,Christchurch,Product-26,Home Decor,Vinyl Paper,Seiko,5,1500.76,1119.64,381.12
NZ-ORD-363,2023-12-29,Auckland,Product-12,Books,Romance,Universal,1,1974.66,1660.87,313.79
NZ-ORD-364,2023-12-30,Wellington,Product-4,Books,Romance,20th Century Fox,2,163.27,169.19,-5.92
NZ-ORD-365,2023-12-31,Dunedin,Product-28,Clothing,Shoe,Nike,3,1385.88,957.26,428.62
NZ-ORD-366,2024-01-01,Christchurch,Product-28,Toys,Card Game,Telltale,7,962.46,1001.91,-39.45
NZ-ORD-367,2024-01-02,Auckland,Product-11,Toys,Doll,Marvel,2,1130.89,1171.61,-40.72
NZ-ORD-368,2024-01-03,Hamilton,Product-22,Books,Horror,Bloom House,7,1255.12,815.52,439.6
NZ-ORD-369,2024-01-04,Wellington,Product-24,Electronics,Hardisk SDD,Kingston,1,1000.54,573.15,427.39
NZ-ORD-370,2024-01-05,Hamilton,Product-11,Clothing,Jacket,New Balance,3,1087.54,1144.97,-57.43
NZ-ORD-371,2024-01-06,Wellington,Product-12,Clothing,Jacket,New Balance,10,1593.33,1551.67,41.66
NZ-ORD-372,2024-01-07,Christchurch,Product-18,Electronics,Hardisk SDD,Kingston,5,1405.87,1127.72,278.15
NZ-ORD-373,2024-01-08,Auckland,Product-13,Clothing,Pant,Puma,5,637.44,551.96,85.48
NZ-ORD-374,2024-01-09,Dunedin,Product-9,Clothing,Shirt,Nike,3,1172.14,989.89,182.25
NZ-ORD-375,2024-01-10,Christchurch,Product-26,Clothing,Jacket,Adidas,4,1374.04,1400.13,-26.09
NZ-ORD-376,2024-01-11,Hamilton,Product-8,Electronics,DVD Player,Samsung,1,861.74,932.98,-71.24
NZ-ORD-377,2024-01-12,Hamilton,Product-19,Toys,Robot,Sega,6,163.44,-89.3,252.74
NZ-ORD-378,2024-01-13,Christchurch,Product-14,Toys,Robot,Sega,4,1677.77,1656.61,21.16
NZ-ORD-379,2024-01-14,Wellington,Product-2,Clothing,Shirt,New Balance,4,1542.5,1379.96,162.54
NZ-ORD-380,2024-01-15,Auckland,Product-5,Toys,Board Game,Century,9,1887.87,1972.61,-84.74
NZ-ORD-381,2024-01-16,Dunedin,Product-10,Books,Romance,Universal,1,271.67,90.03,181.64
NZ-ORD-382,2024-01-17,Christchurch,Product-19,Toys,Card Game,Hasbro,7,1296.85,1262.5,34.35
NZ-ORD-383,2024-01-18,Wellington,Product-13,Electronics,CCTV,Samsung,9,338.32,296.58,41.74
NZ-ORD-384,2024-01-19,Dunedin,Product-9,Toys,Board Game,Exploding,5,832.16,602.07,230.09
NZ-ORD-385,2024-01-20,Christchurch,Product-2,Books,Documentary,Warner Bros,10,1930.03,1669.7,260.33
NZ-ORD-386,2024-01-21,Wellington,Product-26,Clothing,Shoe,Converse,4,1937.89,1689.3,248.59
NZ-ORD-387,2024-01-22,Wellington,Product-28,Home Decor,Vinyl Paper,Seven,9,315.14,41.53,273.61
NZ-ORD-388,2024-01-23,Wellington,Product-16,Books,Comedy,Disney,4,1276.78,1326.62,-49.84
NZ-ORD-389,2024-01-24,Christchurch,Product-19,Books,Horror,Warner Bros,9,360.67,410.62,-49.95
NZ-ORD-390,2024-01-25,Wellington,Product-3,Clothing,Pant,Converse,6,1859.11,1930.77,-71.66
NZ-ORD-391,2024-01-26,Christchurch,Product-23,Home Decor,Vinyl Paper,Level Up,3,1952.91,1797.72,155.19
NZ-ORD-392,2024-01-27,Auckland,Product-2,Books,Comedy,Warner Bros,9,1455.73,971.42,484.31
NZ-ORD-393,2024-01-28,Christchurch,Product-27,Home Decor,Vinyl Paper,Joyko,3,173.73,-303.48,477.21
NZ-ORD-394,2024-01-29,Dunedin,Product-4,Electronics,Hardisk SDD,Seagate,7,821.15,646.75,174.4
NZ-ORD-395,2024-01-30,Auckland,Product-23,Electronics,Mobile Phone,Apple,1,1086.89,1147.63,-60.74
NZ-ORD-396,2024-01-31,Dunedin,Product-26,Books,Comedy,Warner Bros,4,1540.07,1345.48,194.59
NZ-ORD-397,2024-02-01,Hamilton,Product-9,Clothing,Shoe,Nike,1,1529.64,1558.65,-29.01
NZ-ORD-398,2024-02-02,Hamilton,Product-30,Clothing,Shoe,Nike,3,1614.71,1379.43,235.28
NZ-ORD-399,2024-02-03,Hamilton,Product-30,Clothing,T-Shirt,Nike,10,1124.82,682.65,442.17
NZ-ORD-400,2024-02-04,Hamilton,Product-21,Toys,Doll,Hasbro,3,158.39,22.3,136.09
NZ-ORD-401,2024-02-05,Dunedin,Product-23,Electronics,TV,Toshiba,10,1073.88,1143.79,-69.91
NZ-ORD-402,2024-02-06,Dunedin,Product-23,Books,Romance,Disney,2,634.29,540.84,93.45
NZ-ORD-403,2024-02-07,Hamilton,Product-9,Electronics,TV,Toshiba,6,278.15,-138.79,416.94
NZ-ORD-404,2024-02-08,Christchurch,Product-28,Clothing,Shoe,Nike,8,1358.7,1034.63,324.07
NZ-ORD-405,2024-02-09,Wellington,Product-26,Home Decor,Curtain,IKEA,5,1759.53,1469.66,289.87
NZ-ORD-406,2024-02-10,Auckland,Product-10,Electronics,TV,Xiaomi,4,1104.42,781.72,322.7
NZ-ORD-407,2024-02-11,Dunedin,Product-7,Clothing,T-Shirt,New Balance,3,400.46,12.94,387.52
NZ-ORD-408,2024-02-12,Hamilton,Product-7,Electronics,Mobile Phone,Vivo,2,630.23,204.43,425.8
NZ-ORD-409,2024-02-13,Auckland,Product-15,Clothing,Shirt,Puma,1,1694.22,1473.26,220.96
NZ-ORD-410,2024-02-14,Wellington,Product-21,Toys,Doll,Hasbro,4,1214.63,853.4,361.23
NZ-ORD-411,2024-02-15,Hamilton,Product-5,Books,Comedy,Universal,4,1629.92,1521.02,108.9
NZ-ORD-412,2024-02-16,Auckland,Product-21,Toys,Puzzle,Telltale,1,403.66,391.22,12.44
NZ-ORD-413,2024-02-17,Auckland,Product-20,Electronics,Hardisk SDD,Kingston,6,1441.89,1277.55,164.34
NZ-ORD-414,2024-02-18,Auckland,Product-5,Clothing,Jacket,Converse,8,73.39,-19.44,92.83
NZ-ORD-415,2024-02-19,Christchurch,Product-29,Home Decor,Curtain,Rails,4,600.43,330.24,270.19
NZ-ORD-416,2024-02-20,Auckland,Product-17,Home Decor,Vase,Yuzhei Wong,9,136.59,127.83,8.76
NZ-ORD-417,2024-02-21,Auckland,Product-24,Toys,Card Game,Century,10,821.61,826.64,-5.03
NZ-ORD-418,2024-02-22,Wellington,Product-18,Clothing,Shirt,Nike,3,1935.43,1861.08,74.35
NZ-ORD-419,2024-02-23,Auckland,Product-13,Home Decor,Vase,Yuzhei Wong,4,1661.5,1169.3,492.2
NZ-ORD-420,2024-02-24,Christchurch,Product-21,Home Decor,Curtain,IKEA,10,580.7,449.87,130.83
NZ-ORD-421,2024-02-25,Hamilton,Product-19,Books,Romance,Warner Bros,10,543.89,297.16,246.73
NZ-ORD-422,2024-02-26,Hamilton,Product-24,Clothing,Shoe,Converse,1,1898.23,1623.37,274.86
NZ-ORD-423,2024-02-27,Auckland,Product-25,Clothing,Jacket,New Balance,5,486.38,273.82,212.56
NZ-ORD-424,2024-02-28,Auckland,Product-10,Clothing,Jacket,Converse,4,1665.11,1603.51,61.6
NZ-ORD-425,2024-02-29,Christchurch,Product-9,Electronics,Mobile Phone,Apple,6,720.93,516.99,203.94
NZ-ORD-426,2024-03-01,Dunedin,Product-10,Toys,Doll,Yin Mang,9,583.76,265.71,318.05
NZ-ORD-427,2024-03-02,Christchurch,Product-6,Electronics,DVD Player,Samsung,8,1559.36,1194.3,365.06
NZ-ORD-428,2024-03-03,Auckland,Product-5,Electronics,CCTV,Toshiba,4,770.15,346.98,423.17
NZ-ORD-429,2024-03-04,Wellington,Product-15,Clothing,Jacket,Converse,7,1309.89,947.67,362.22
NZ-ORD-430,2024-03-05,Hamilton,Product-3,Home Decor,Vase,Zhongwei,6,412.02,-39.27,451.29
NZ-ORD-431,2024-03-06,Dunedin,Product-14,Clothing,Shoe,New Balance,7,295.28,58,237.28
NZ-ORD-432,2024-03-07,Auckland,Product-11,Electronics,Mobile Phone,Apple,10,551.72,164.18,387.54
NZ-ORD-433,2024-03-08,Wellington,Product-17,Clothing,Shoe,Converse,6,887.82,586.09,301.73
NZ-ORD-434,2024-03-09,Hamilton,Product-21,Home Decor,Vinyl Paper,Joyko,8,869.93,791.46,78.47
NZ-ORD-435,2024-03-10,Christchurch,Product-12,Electronics,Mobile Phone,Apple,7,616.34,475.15,141.19
NZ-ORD-436,2024-03-11,Dunedin,Product-19,Clothing,Jacket,New Balance,9,1221.54,914.89,306.65
NZ-ORD-437,2024-03-12,Wellington,Product-5,Home Decor,Curtain,Kels,2,525.67,531.87,-6.2
NZ-ORD-438,2024-03-13,Christchurch,Product-21,Toys,Card Game,Marvel,7,1077.05,1029.96,47.09
NZ-ORD-439,2024-03-14,Wellington,Product-23,Toys,Robot,Bandai,3,519.83,573.54,-53.71
NZ-ORD-440,2024-03-15,Christchurch,Product-5,Clothing,T-Shirt,Nike,4,1135.47,668.5,466.97
NZ-ORD-441,2024-03-16,Auckland,Product-29,Electronics,Hardisk SDD,Sandisk,3,265.8,-194.65,460.45
NZ-ORD-442,2024-03-17,Dunedin,Product-3,Toys,Board Game,Marvel,5,1206.86,1304.03,-97.17
NZ-ORD-443,2024-03-18,Dunedin,Product-12,Electronics,CCTV,Toshiba,4,336.9,249.29,87.61
NZ-ORD-444,2024-03-19,Hamilton,Product-24,Books,Cartoon,Nickelodeon,8,483.08,114.96,368.12
NZ-ORD-445,2024-03-20,Dunedin,Product-9,Toys,Puzzle,Telltale,4,354.74,53.64,301.1
NZ-ORD-446,2024-03-21,Wellington,Product-29,Home Decor,Miniature Statue,Baurdani,4,150.88,-303.25,454.13
NZ-ORD-447,2024-03-22,Dunedin,Product-21,Clothing,Pant,Converse,6,144.94,-40.7,185.64
NZ-ORD-448,2024-03-23,Hamilton,Product-30,Clothing,T-Shirt,Adidas,8,1806.99,1385.95,421.04
NZ-ORD-449,2024-03-24,Auckland,Product-14,Books,Comedy,Lionsgate,1,1501.84,1136.67,365.17
NZ-ORD-450,2024-03-25,Auckland,Product-13,Clothing,Jacket,Converse,5,685.81,309.96,375.85
NZ-ORD-451,2024-03-26,Auckland,Product-30,Toys,Puzzle,Gramedia,2,641.11,364.17,276.94
NZ-ORD-452,2024-03-27,Wellington,Product-17,Electronics,CCTV,Toshiba,9,1637.11,1388.66,248.45
NZ-ORD-453,2024-03-28,Wellington,Product-22,Home Decor,Miniature Statue,Holmes Brok,1,1738.44,1704.49,33.95
NZ-ORD-454,2024-03-29,Dunedin,Product-27,Books,Romance,Disney,9,1113.08,1155.37,-42.29
NZ-ORD-455,2024-03-30,Christchurch,Product-8,Clothing,Shoe,Nike,6,1105.38,734.75,370.63
NZ-ORD-456,2024-03-31,Hamilton,Product-19,Home Decor,Vinyl Paper,Kenko,7,1688.77,1751.42,-62.65
NZ-ORD-457,2024-04-01,Dunedin,Product-10,Home Decor,Miniature Statue,Bucchari,1,1609.65,1212.91,396.74
NZ-ORD-458,2024-04-02,Dunedin,Product-18,Books,Romance,Universal,8,1390.17,1444.19,-54.02
NZ-ORD-459,2024-04-03,Auckland,Product-2,Home Decor,Curtain,Rails,3,1389.59,1331.72,57.87
NZ-ORD-460,2024-04-04,Auckland,Product-3,Books,Documentary,Universal,6,1690.84,1248.73,442.11
NZ-ORD-461,2024-04-05,Auckland,Product-25,Electronics,Hardisk SDD,Toshiba,2,1114.5,885.38,229.12
NZ-ORD-462,2024-04-06,Dunedin,Product-25,Clothing,T-Shirt,Converse,5,163.13,149.32,13.81
NZ-ORD-463,2024-04-07,Auckland,Product-8,Clothing,Shirt,Converse,6,517.73,189.31,328.42
NZ-ORD-464,2024-04-08,Dunedin,Product-21,Clothing,Jacket,New Balance,3,571.7,167.99,403.71
NZ-ORD-465,2024-04-09,Hamilton,Product-28,Toys,Robot,Sega,6,1732.48,1441.1,291.38
NZ-ORD-466,2024-04-10,Hamilton,Product-8,Clothing,Jacket,Puma,2,1885.54,1484.23,401.31
NZ-ORD-467,2024-04-11,Wellington,Product-22,Books,Horror,20th Century Fox,2,577.71,469.7,108.01
NZ-ORD-468,2024-04-12,Auckland,Product-27,Clothing,Shoe,Puma,10,1257.55,1278.56,-21.01
NZ-ORD-469,2024-04-13,Christchurch,Product-10,Home Decor,Miniature Statue,Oates,7,578.48,216.83,361.65
NZ-ORD-470,2024-04-14,Christchurch,Product-21,Electronics,DVD Player,Changhong,5,64.34,149.64,-85.3
NZ-ORD-471,2024-04-15,Wellington,Product-29,Books,Horror,Lionsgate,5,1478.59,1003.99,474.6
NZ-ORD-472,2024-04-16,Christchurch,Product-22,Toys,Puzzle,Hasbro,9,746.94,698.7,48.24
NZ-ORD-473,2024-04-17,Hamilton,Product-10,Electronics,TV,Panasonic,3,1994.91,2069.79,-74.88
NZ-ORD-474,2024-04-18,Christchurch,Product-4,Electronics,Hardisk SDD,Samsung,3,126.59,-138.93,265.52
NZ-ORD-475,2024-04-19,Hamilton,Product-19,Electronics,CCTV,Samsung,2,512.29,102.36,409.93
NZ-ORD-476,2024-04-20,Dunedin,Product-20,Clothing,Shoe,Puma,2,1359.94,1176.46,183.48
NZ-ORD-477,2024-04-21,Auckland,Product-4,Home Decor,Window Blind,Brother,3,1016.41,1061.29,-44.88
NZ-ORD-478,2024-04-22,Christchurch,Product-29,Toys,Robot,Konami,10,451.54,70.49,381.05
NZ-ORD-479,2024-04-23,Hamilton,Product-9,Books,Comedy,Lionsgate,5,419.96,54.49,365.47
NZ-ORD-480,2024-04-24,Auckland,Product-7,Home Decor,Miniature Statue,Oates,1,726.59,746.59,-20
NZ-ORD-481,2024-04-25,Christchurch,Product-16,Home Decor,Miniature Statue,Bucchari,8,709.4,725.46,-16.06
NZ-ORD-482,2024-04-26,Dunedin,Product-13,Books,Romance,20th Century Fox,8,1194.81,851.17,343.64
NZ-ORD-483,2024-04-27,Auckland,Product-21,Home Decor,Vase,Yuzhei Wong,5,1235.73,1110.04,125.69
NZ-ORD-484,2024-04-28,Auckland,Product-22,Clothing,Shoe,Nike,6,600.26,645.43,-45.17
NZ-ORD-485,2024-04-29,Wellington,Product-25,Home Decor,Vinyl Paper,Kenko,4,1344.72,1244.44,100.28
NZ-ORD-486,2024-04-30,Auckland,Product-17,Electronics,DVD Player,Panasonic,7,1203.42,1170.23,33.19
NZ-ORD-487,2024-05-01,Hamilton,Product-8,Clothing,Shirt,Nike,10,165.29,-76.57,241.86
NZ-ORD-488,2024-05-02,Hamilton,Product-18,Electronics,DVD Player,Panasonic,6,1322.09,1217.3,104.79
NZ-ORD-489,2024-05-03,Dunedin,Product-22,Home Decor,Curtain,IKEA,2,152.41,-98.1,250.51
NZ-ORD-490,2024-05-04,Hamilton,Product-13,Toys,Puzzle,Wonder World,4,507.69,495.53,12.16
NZ-ORD-491,2024-05-05,Christchurch,Product-2,Home Decor,Miniature Statue,Holmes Brok,6,1622.96,1500.41,122.55
NZ-ORD-492,2024-05-06,Auckland,Product-25,Toys,Doll,Hasbro,9,1294.68,1092,202.68
NZ-ORD-493,2024-05-07,Hamilton,Product-27,Home Decor,Window Blind,Rails,5,156.29,33.64,122.65
NZ-ORD-494,2024-05-08,Hamilton,Product-14,Toys,Board Game,Telltale,6,612.61,169.17,443.44
NZ-ORD-495,2024-05-09,Wellington,Product-10,Home Decor,Window Blind,Bardy,3,371.14,-32.94,404.08
NZ-ORD-496,2024-05-10,Hamilton,Product-13,Clothing,Jacket,New Balance,1,1517.49,1154.84,362.65
NZ-ORD-497,2024-05-11,Dunedin,Product-1,Books,Romance,Warner Bros,1,1035.73,937.58,98.15
NZ-ORD-498,2024-05-12,Auckland,Product-2,Toys,Robot,Bandai,2,1197.18,1026.43,170.75
NZ-ORD-499,2024-05-13,Wellington,Product-24,Books,Romance,Universal,10,476.29,334.94,141.35
NZ-ORD-500,2024-05-14,Wellington,Product-13,Clothing,T-Shirt,Nike,7,1208.23,1236.79,-28.56
NZ-ORD-501,2024-05-15,Dunedin,Product-30,Books,Horror,Bloom House,7,152.91,-100.45,253.36
NZ-ORD-502,2024-05-16,Auckland,Product-6,Books,Comedy,Universal,7,1056.38,765.13,291.25
NZ-ORD-503,2024-05-17,Auckland,Product-23,Clothing,T-Shirt,Adidas,5,1950.06,1683.67,266.39
NZ-ORD-504,2024-05-18,Dunedin,Product-27,Home Decor,Window Blind,Brother,1,1907.49,1713.82,193.67
NZ-ORD-505,2024-05-19,Christchurch,Product-20,Clothing,Shirt,Nike,2,257.26,-25.21,282.47
NZ-ORD-506,2024-05-20,Dunedin,Product-17,Toys,Doll,Yin Mang,1,313.52,198.06,115.46
NZ-ORD-507,2024-05-21,Wellington,Product-13,Home Decor,Window Blind,Rails,5,1088.68,754.04,334.64
NZ-ORD-508,2024-05-22,Dunedin,Product-20,Electronics,TV,Toshiba,6,1486.95,1121.66,365.29
NZ-ORD-509,2024-05-23,Auckland,Product-11,Electronics,CCTV,Sony,5,884.15,691.29,192.86
NZ-ORD-510,2024-05-24,Wellington,Product-9,Toys,Puzzle,Hasbro,2,1990.32,2087.4,-97.08
NZ-ORD-511,2024-05-25,Hamilton,Product-2,Electronics,TV,Sony,2,792.82,623.72,169.1
NZ-ORD-512,2024-05-26,Dunedin,Product-9,Clothing,Jacket,New Balance,5,81.51,78.28,3.23
NZ-ORD-513,2024-05-27,Hamilton,Product-20,Books,Horror,20th Century Fox,3,1530.05,1521.05,9
NZ-ORD-514,2024-05-28,Christchurch,Product-4,Toys,Board Game,Telltale,7,589.03,250.15,338.88
NZ-ORD-515,2024-05-29,Auckland,Product-25,Electronics,Mobile Phone,Huawei,3,228.54,23.92,204.62
NZ-ORD-516,2024-05-30,Auckland,Product-22,Electronics,TV,Samsung,6,1801.72,1600.78,200.94
NZ-ORD-517,2024-05-31,Hamilton,Product-6,Books,Cartoon,Dreamworks,5,824.17,627.78,196.39
NZ-ORD-518,2024-06-01,Hamilton,Product-21,Clothing,Shirt,Adidas,10,1383.01,1008.92,374.09
NZ-ORD-519,2024-06-02,Wellington,Product-3,Books,Horror,Warner Bros,10,1876.84,1972.32,-95.48
NZ-ORD-520,2024-06-03,Auckland,Product-12,Books,Comedy,Universal,3,1141.7,867.33,274.37
NZ-ORD-521,2024-06-04,Christchurch,Product-5,Clothing,Jacket,New Balance,10,1749.25,1635.72,113.53
NZ-ORD-522,2024-06-05,Wellington,Product-29,Books,Documentary,20th Century Fox,7,1402.52,1310.65,91.87
NZ-ORD-523,2024-06-06,Christchurch,Product-23,Books,Documentary,Discovery,3,167.63,-14.01,181.64
NZ-ORD-524,2024-06-07,Wellington,Product-21,Electronics,TV,Samsung,7,608.75,258.48,350.27
NZ-ORD-525,2024-06-08,Dunedin,Product-21,Toys,Card Game,Telltale,8,586.92,172.79,414.13
NZ-ORD-526,2024-06-09,Hamilton,Product-3,Books,Horror,Universal,9,231.31,-74.69,306
NZ-ORD-527,2024-06-10,Auckland,Product-29,Home Decor,Vase,Yuzhei Wong,6,92.77,-41.63,134.4
NZ-ORD-528,2024-06-11,Hamilton,Product-30,Home Decor,Vase,Midea,8,152.03,-174.86,326.89
NZ-ORD-529,2024-06-12,Wellington,Product-4,Clothing,Jacket,Adidas,4,214.41,-157.46,371.87
NZ-ORD-530,2024-06-13,Hamilton,Product-26,Books,Romance,Warner Bros,9,1965.51,2007.43,-41.92
NZ-ORD-531,2024-06-14,Dunedin,Product-21,Books,Romance,Universal,4,1085.72,1134.48,-48.76
NZ-ORD-532,2024-06-15,Auckland,Product-13,Toys,Board Game,Exploding,10,817.86,487.73,330.13
NZ-ORD-533,2024-06-16,Hamilton,Product-8,Clothing,Shoe,New Balance,9,912.55,868.09,44.46
NZ-ORD-534,2024-06-17,Dunedin,Product-12,Clothing,Pant,Nike,2,388.75,19.2,369.55
NZ-ORD-535,2024-06-18,Auckland,Product-26,Electronics,Hardisk SDD,Kingston,5,1440.78,1355.68,85.1
NZ-ORD-536,2024-06-19,Auckland,Product-9,Clothing,Pant,Nike,10,1405.26,1006.71,398.55
NZ-ORD-537,2024-06-20,Wellington,Product-4,Clothing,Pant,Converse,10,1820.48,1854.71,-34.23
NZ-ORD-538,2024-06-21,Hamilton,Product-21,Home Decor,Curtain,Bardy,2,801.35,667.49,133.86
NZ-ORD-539,2024-06-22,Hamilton,Product-13,Toys,Robot,Bandai,10,1823.55,1610.39,213.16
NZ-ORD-540,2024-06-23,Wellington,Product-11,Toys,Robot,Namco,4,1356.21,1428.19,-71.98
NZ-ORD-541,2024-06-24,Hamilton,Product-15,Home Decor,Miniature Statue,Tuscany,9,1397.09,1324.33,72.76
NZ-ORD-542,2024-06-25,Dunedin,Product-3,Electronics,DVD Player,Panasonic,8,1479.36,1534.3,-54.94
NZ-ORD-543,2024-06-26,Wellington,Product-3,Books,Romance,Universal,7,1361.29,1022.14,339.15
NZ-ORD-544,2024-06-27,Auckland,Product-28,Electronics,TV,Samsung,6,1054.98,746.88,308.1
NZ-ORD-545,2024-06-28,Auckland,Product-26,Books,Cartoon,Pixar,6,1025.55,589.92,435.63
NZ-ORD-546,2024-06-29,Hamilton,Product-21,Books,Romance,Disney,8,1547.31,1243.17,304.14
NZ-ORD-547,2024-06-30,Auckland,Product-7,Books,Romance,Disney,1,1286.64,1155.97,130.67
NZ-ORD-548,2024-07-01,Auckland,Product-18,Electronics,DVD Player,Toshiba,1,408.72,25.52,383.2
NZ-ORD-549,2024-07-02,Hamilton,Product-29,Toys,Puzzle,Gramedia,3,1132.65,1192.96,-60.31
NZ-ORD-550,2024-07-03,Auckland,Product-17,Clothing,Jacket,Puma,3,1412.46,1257.71,154.75
NZ-ORD-551,2024-07-04,Dunedin,Product-8,Home Decor,Vinyl Paper,Seven,9,984.39,560.94,423.45
NZ-ORD-552,2024-07-05,Wellington,Product-9,Books,Documentary,Universal,10,77.79,-109.92,187.71
NZ-ORD-553,2024-07-06,Christchurch,Product-27,Electronics,TV,Panasonic,2,1030.78,796.34,234.44
NZ-ORD-554,2024-07-07,Wellington,Product-3,Home Decor,Vinyl Paper,Seven,4,1949.72,1454.72,495
NZ-ORD-555,2024-07-08,Hamilton,Product-24,Books,Documentary,20th Century Fox,4,1713.26,1496.45,216.81
NZ-ORD-556,2024-07-09,Hamilton,Product-3,Toys,Board Game,Century,2,1801.41,1516.39,285.02
NZ-ORD-557,2024-07-10,Dunedin,Product-5,Home Decor,Miniature Statue,Baurdani,6,1090.61,673.91,416.7
NZ-ORD-558,2024-07-11,Wellington,Product-25,Toys,Puzzle,Marvel,6,204.19,272.75,-68.56
NZ-ORD-559,2024-07-12,Wellington,Product-17,Home Decor,Window Blind,Kels,5,1758.19,1346.1,412.09
NZ-ORD-560,2024-07-13,Auckland,Product-30,Clothing,Shirt,Puma,8,1912.39,1483.12,429.27
NZ-ORD-561,2024-07-14,Hamilton,Product-27,Toys,Board Game,Hasbro,1,1930.43,1627.82,302.61
NZ-ORD-562,2024-07-15,Auckland,Product-25,Clothing,Shoe,Puma,3,388.26,-77.29,465.55
NZ-ORD-563,2024-07-16,Auckland,Product-4,Electronics,TV,Samsung,5,645.82,462.45,183.37
NZ-ORD-564,2024-07-17,Christchurch,Product-29,Books,Comedy,Lionsgate,2,135.04,79.75,55.29
NZ-ORD-565,2024-07-18,Christchurch,Product-3,Home Decor,Curtain,Rails,10,1265.89,1327.88,-61.99
NZ-ORD-566,2024-07-19,Hamilton,Product-6,Home Decor,Curtain,IKEA,4,1340.54,996.62,343.92
NZ-ORD-567,2024-07-20,Christchurch,Product-6,Books,Horror,20th Century Fox,10,1204.91,1245.4,-40.49
NZ-ORD-568,2024-07-21,Hamilton,Product-1,Toys,Doll,Lego,5,262.41,-66.47,328.88
NZ-ORD-569,2024-07-22,Wellington,Product-30,Books,Horror,Warner Bros,6,1737.02,1779.51,-42.49
NZ-ORD-570,2024-07-23,Auckland,Product-11,Clothing,Jacket,New Balance,8,926.97,908.78,18.19
NZ-ORD-571,2024-07-24,Christchurch,Product-28,Electronics,DVD Player,Sony,2,1641.4,1176.77,464.63
NZ-ORD-572,2024-07-25,Auckland,Product-24,Home Decor,Miniature Statue,Baurdani,3,746.58,674.75,71.83
NZ-ORD-573,2024-07-26,Wellington,Product-25,Clothing,Shirt,New Balance,6,1317.5,1133.39,184.11
NZ-ORD-574,2024-07-27,Christchurch,Product-10,Home Decor,Vase,Midea,7,795.59,506.87,288.72
NZ-ORD-575,2024-07-28,Dunedin,Product-22,Clothing,Jacket,Puma,3,384.87,186.77,198.1
NZ-ORD-576,2024-07-29,Dunedin,Product-25,Clothing,T-Shirt,Nike,9,734.1,371.24,362.86
NZ-ORD-577,2024-07-30,Hamilton,Product-13,Home Decor,Curtain,Kels,9,236.7,2.39,234.31
NZ-ORD-578,2024-07-31,Dunedin,Product-11,Clothing,Jacket,Converse,3,239.52,-27.26,266.78
NZ-ORD-579,2024-08-01,Dunedin,Product-28,Clothing,Pant,Nike,3,696.07,263.33,432.74
NZ-ORD-580,2024-08-02,Dunedin,Product-1,Toys,Robot,Sega,10,1281.81,1122.18,159.63
NZ-ORD-581,2024-08-03,Hamilton,Product-19,Books,Comedy,Disney,1,143.1,70.9,72.2
NZ-ORD-582,2024-08-04,Auckland,Product-20,Books,Horror,Lionsgate,4,390.69,465.21,-74.52
NZ-ORD-583,2024-08-05,Dunedin,Product-8,Home Decor,Vinyl Paper,Level Up,10,329.33,206.47,122.86
NZ-ORD-584,2024-08-06,Hamilton,Product-11,Books,Cartoon,Disney,5,1417.36,1248.49,168.87
NZ-ORD-585,2024-08-07,Hamilton,Product-16,Toys,Doll,Marvel,5,191.24,119.12,72.12
NZ-ORD-586,2024-08-08,Wellington,Product-27,Clothing,Shirt,Puma,7,1886.16,1437.69,448.47
NZ-ORD-587,2024-08-09,Dunedin,Product-14,Books,Comedy,20th Century Fox,8,922.3,757.29,165.01
NZ-ORD-588,2024-08-10,Auckland,Product-15,Home Decor,Curtain,Rails,6,1807.87,1662.33,145.54
NZ-ORD-589,2024-08-11,Wellington,Product-19,Electronics,DVD Player,Samsung,3,1805.75,1724.6,81.15
NZ-ORD-590,2024-08-12,Auckland,Product-1,Books,Comedy,Universal,1,1902.28,1688.82,213.46
NZ-ORD-591,2024-08-13,Auckland,Product-12,Home Decor,Window Blind,IKEA,5,1470.92,1354.4,116.52
NZ-ORD-592,2024-08-14,Auckland,Product-23,Electronics,Hardisk SDD,Kingston,10,1012.49,526.16,486.33
NZ-ORD-593,2024-08-15,Dunedin,Product-5,Books,Comedy,20th Century Fox,8,961.06,921.96,39.1
NZ-ORD-594,2024-08-16,Auckland,Product-30,Books,Documentary,20th Century Fox,2,619.63,713.65,-94.02
NZ-ORD-595,2024-08-17,Wellington,Product-16,Clothing,Shoe,Nike,9,408.71,-43.9,452.61
NZ-ORD-596,2024-08-18,Wellington,Product-20,Books,Horror,Universal,4,1962.35,1918.55,43.8
NZ-ORD-597,2024-08-19,Christchurch,Product-2,Home Decor,Vinyl Paper,Kenko,6,1316.69,1361.03,-44.34
NZ-ORD-598,2024-08-20,Auckland,Product-21,Home Decor,Miniature Statue,Holmes Brok,8,1831.37,1702.01,129.36
NZ-ORD-599,2024-08-21,Wellington,Product-12,Home Decor,Vase,IKEA,8,1364.36,866.2,498.16
NZ-ORD-600,2024-08-22,Wellington,Product-24,Electronics,CCTV,Toshiba,8,1895.65,1659.7,235.95
NZ-ORD-601,2024-08-23,Hamilton,Product-28,Clothing,Shoe,Nike,7,126.29,-247.74,374.03
NZ-ORD-602,2024-08-24,Wellington,Product-14,Electronics,Hardisk SDD,Sandisk,7,1338.66,1087.06,251.6
NZ-ORD-603,2024-08-25,Auckland,Product-30,Books,Romance,Universal,8,312.1,-75.91,388.01
NZ-ORD-604,2024-08-26,Christchurch,Product-13,Home Decor,Window Blind,Kels,7,1820.73,1657.98,162.75
NZ-ORD-605,2024-08-27,Christchurch,Product-29,Books,Romance,20th Century Fox,4,1804.02,1723.47,80.55
NZ-ORD-606,2024-08-28,Auckland,Product-16,Toys,Doll,Yin Mang,1,1052.23,818.92,233.31
NZ-ORD-607,2024-08-29,Hamilton,Product-25,Toys,Card Game,Hasbro,6,1293.33,852.09,441.24
NZ-ORD-608,2024-08-30,Wellington,Product-28,Books,Cartoon,Warner Bros,8,1370.02,923.06,446.96
NZ-ORD-609,2024-08-31,Auckland,Product-27,Books,Documentary,National Geographic,6,693.76,282.99,410.77
NZ-ORD-610,2024-09-01,Dunedin,Product-28,Clothing,Shoe,Puma,7,1401.58,1478.11,-76.53
NZ-ORD-611,2024-09-02,Christchurch,Product-27,Electronics,TV,Toshiba,6,774.87,481.02,293.85
NZ-ORD-612,2024-09-03,Auckland,Product-16,Clothing,Jacket,New Balance,2,1563.11,1357.48,205.63
NZ-ORD-613,2024-09-04,Wellington,Product-4,Home Decor,Miniature Statue,Baurdani,4,923.22,742.16,181.06
NZ-ORD-614,2024-09-05,Dunedin,Product-12,Electronics,Mobile Phone,Apple,3,609.04,339.87,269.17
NZ-ORD-615,2024-09-06,Wellington,Product-20,Home Decor,Curtain,IKEA,9,649.12,561.62,87.5
NZ-ORD-616,2024-09-07,Hamilton,Product-10,Clothing,Shirt,Converse,1,1462.28,1072.37,389.91
NZ-ORD-617,2024-09-08,Wellington,Product-19,Books,Comedy,20th Century Fox,4,1522.36,1452.27,70.09
NZ-ORD-618,2024-09-09,Auckland,Product-11,Toys,Card Game,Hasbro,6,278.41,-4.9,283.31
NZ-ORD-619,2024-09-10,Christchurch,Product-19,Books,Cartoon,Nickelodeon,3,1837,1770.4,66.6
NZ-ORD-620,2024-09-11,Dunedin,Product-4,Books,Horror,Warner Bros,9,981.81,960.5,21.31
NZ-ORD-621,2024-09-12,Hamilton,Product-5,Books,Cartoon,Disney,10,1623.11,1623.15,-0.04
NZ-ORD-622,2024-09-13,Wellington,Product-3,Home Decor,Window Blind,IKEA,1,1204.56,942.2,262.36
NZ-ORD-623,2024-09-14,Dunedin,Product-19,Clothing,T-Shirt,Nike,2,1191.35,1085.43,105.92
NZ-ORD-624,2024-09-15,Hamilton,Product-24,Toys,Board Game,Century,6,89.34,-117.49,206.83
NZ-ORD-625,2024-09-16,Hamilton,Product-21,Electronics,CCTV,Sony,7,629.43,622.19,7.24
NZ-ORD-626,2024-09-17,Auckland,Product-4,Toys,Puzzle,Marvel,1,1255.57,1123.99,131.58
NZ-ORD-627,2024-09-18,Hamilton,Product-12,Books,Romance,Disney,3,110.43,-376.07,486.5
NZ-ORD-628,2024-09-19,Dunedin,Product-13,Home Decor,Curtain,Bardy,7,308.48,114.73,193.75
NZ-ORD-629,2024-09-20,Christchurch,Product-1,Clothing,Shoe,Puma,10,1877.72,1709.74,167.98
NZ-ORD-630,2024-09-21,Wellington,Product-16,Electronics,Mobile Phone,Apple,8,1402.64,1368.36,34.28
NZ-ORD-631,2024-09-22,Hamilton,Product-29,Books,Romance,Warner Bros,5,1309.71,829.23,480.48
NZ-ORD-632,2024-09-23,Hamilton,Product-17,Clothing,T-Shirt,Puma,6,1673.6,1284.41,389.19
NZ-ORD-633,2024-09-24,Wellington,Product-1,Books,Comedy,Disney,6,990.33,686.93,303.4
NZ-ORD-634,2024-09-25,Wellington,Product-23,Toys,Board Game,Marvel,10,307.02,-30.16,337.18
NZ-ORD-635,2024-09-26,Auckland,Product-5,Electronics,DVD Player,Changhong,2,742.53,535.15,207.38
NZ-ORD-636,2024-09-27,Hamilton,Product-27,Electronics,Hardisk SDD,Sandisk,1,618.13,600.44,17.69
NZ-ORD-637,2024-09-28,Hamilton,Product-4,Electronics,DVD Player,Changhong,2,229.44,139.5,89.94
NZ-ORD-638,2024-09-29,Wellington,Product-15,Home Decor,Curtain,Bardy,10,1043.12,1046.84,-3.72
NZ-ORD-639,2024-09-30,Christchurch,Product-11,Toys,Robot,Bandai,7,1203.79,1098.43,105.36
NZ-ORD-640,2024-10-01,Auckland,Product-28,Clothing,T-Shirt,New Balance,6,1900.15,1694.52,205.63
NZ-ORD-641,2024-10-02,Auckland,Product-30,Books,Horror,Warner Bros,9,1145.91,1040.82,105.09
NZ-ORD-642,2024-10-03,Dunedin,Product-13,Books,Documentary,Warner Bros,10,847.96,556.64,291.32
NZ-ORD-643,2024-10-04,Christchurch,Product-29,Toys,Puzzle,Telltale,10,1953.36,1678.17,275.19
NZ-ORD-644,2024-10-05,Wellington,Product-2,Toys,Robot,Sega,5,1457.08,1437.05,20.03
NZ-ORD-645,2024-10-06,Hamilton,Product-14,Toys,Card Game,Century,9,224.78,124.67,100.11
NZ-ORD-646,2024-10-07,Auckland,Product-21,Clothing,Shoe,Adidas,7,1444.79,1231.18,213.61
NZ-ORD-647,2024-10-08,Dunedin,Product-18,Books,Romance,20th Century Fox,5,174,-107.8,281.8
NZ-ORD-648,2024-10-09,Dunedin,Product-24,Books,Horror,Lionsgate,4,1523.35,1459.93,63.42
NZ-ORD-649,2024-10-10,Christchurch,Product-4,Clothing,Shoe,Nike,9,218.77,-99.42,318.19
NZ-ORD-650,2024-10-11,Christchurch,Product-5,Electronics,DVD Player,Toshiba,4,1973.23,1746.96,226.27
NZ-ORD-651,2024-10-12,Auckland,Product-17,Books,Cartoon,Pixar,6,715.76,544.71,171.05
NZ-ORD-652,2024-10-13,Hamilton,Product-19,Toys,Doll,Hasbro,1,993.97,616.78,377.19
NZ-ORD-653,2024-10-14,Wellington,Product-16,Electronics,Hardisk SDD,Samsung,3,1558.17,1099.33,458.84
NZ-ORD-654,2024-10-15,Dunedin,Product-10,Clothing,Shirt,New Balance,9,1250.45,1039.55,210.9
NZ-ORD-655,2024-10-16,Wellington,Product-1,Books,Cartoon,Pixar,9,1052.83,971.66,81.17
NZ-ORD-656,2024-10-17,Christchurch,Product-17,Books,Comedy,Universal,6,622.49,326.59,295.9
NZ-ORD-657,2024-10-18,Hamilton,Product-9,Books,Romance,Lionsgate,6,181.81,-60.49,242.3
NZ-ORD-658,2024-10-19,Christchurch,Product-12,Clothing,Jacket,Puma,5,240.14,-107.69,347.83
NZ-ORD-659,2024-10-20,Wellington,Product-26,Electronics,CCTV,Samsung,8,1578.74,1393.35,185.39
NZ-ORD-660,2024-10-21,Dunedin,Product-19,Books,Cartoon,Pixar,1,1076.02,888.9,187.12
NZ-ORD-661,2024-10-22,Wellington,Product-3,Electronics,Mobile Phone,Apple,5,1383.78,910.73,473.05
NZ-ORD-662,2024-10-23,Wellington,Product-4,Toys,Doll,Lego,3,1431.35,1459.6,-28.25
NZ-ORD-663,2024-10-24,Christchurch,Product-26,Toys,Puzzle,Telltale,10,571.18,378.94,192.24
NZ-ORD-664,2024-10-25,Hamilton,Product-3,Books,Documentary,Warner Bros,2,1991.29,2018.54,-27.25
NZ-ORD-665,2024-10-26,Hamilton,Product-30,Clothing,Pant,Converse,8,1062.96,718.59,344.37
NZ-ORD-666,2024-10-27,Christchurch,Product-11,Home Decor,Vase,Yuzhei Wong,8,825.67,713.19,112.48
NZ-ORD-667,2024-10-28,Christchurch,Product-3,Electronics,DVD Player,Sony,4,1355.67,932.35,423.32
NZ-ORD-668,2024-10-29,Auckland,Product-23,Books,Horror,Bloom House,2,841.12,611.61,229.51
NZ-ORD-669,2024-10-30,Wellington,Product-4,Toys,Doll,Yin Mang,6,1452.95,1119.18,333.77
NZ-ORD-670,2024-10-31,Christchurch,Product-11,Clothing,T-Shirt,Nike,3,712.18,369.01,343.17
NZ-ORD-671,2024-11-01,Auckland,Product-22,Books,Romance,Lionsgate,6,1766.06,1709.48,56.58
NZ-ORD-672,2024-11-02,Auckland,Product-11,Toys,Card Game,Century,3,129.55,-317.6,447.15
NZ-ORD-673,2024-11-03,Christchurch,Product-21,Electronics,Mobile Phone,Vivo,1,206.52,12.9,193.62
NZ-ORD-674,2024-11-04,Auckland,Product-7,Books,Cartoon,Dreamworks,5,1343.07,944.01,399.06
NZ-ORD-675,2024-11-05,Dunedin,Product-23,Clothing,Pant,New Balance,6,1511.6,1504.77,6.83
NZ-ORD-676,2024-11-06,Wellington,Product-6,Home Decor,Miniature Statue,Oates,4,322.6,217.53,105.07
NZ-ORD-677,2024-11-07,Wellington,Product-11,Books,Cartoon,Warner Bros,7,123.96,173.93,-49.97
NZ-ORD-678,2024-11-08,Christchurch,Product-25,Electronics,Hardisk SDD,Samsung,5,1846.54,1843.76,2.78
NZ-ORD-679,2024-11-09,Christchurch,Product-25,Home Decor,Vinyl Paper,Joyko,9,1052.19,598.22,453.97
NZ-ORD-680,2024-11-10,Auckland,Product-22,Books,Documentary,20th Century Fox,4,731.92,475.95,255.97
NZ-ORD-681,2024-11-11,Wellington,Product-24,Clothing,Shirt,Converse,9,1907.82,1831.34,76.48
NZ-ORD-682,2024-11-12,Christchurch,Product-12,Home Decor,Curtain,Brother,10,500.19,95.76,404.43
NZ-ORD-683,2024-11-13,Hamilton,Product-19,Books,Horror,Lionsgate,3,1006.46,598.23,408.23
NZ-ORD-684,2024-11-14,Hamilton,Product-6,Toys,Doll,Lego,8,103.28,-121.84,225.12
NZ-ORD-685,2024-11-15,Dunedin,Product-14,Toys,Card Game,Telltale,6,1590.73,1601.77,-11.04
NZ-ORD-686,2024-11-16,Dunedin,Product-22,Home Decor,Vinyl Paper,Seven,1,1020.26,678.33,341.93
NZ-ORD-687,2024-11-17,Dunedin,Product-5,Books,Horror,Bloom House,10,1434.21,1223.38,210.83
NZ-ORD-688,2024-11-18,Wellington,Product-6,Electronics,DVD Player,Sony,1,1880.95,1878.02,2.93
NZ-ORD-689,2024-11-19,Wellington,Product-5,Electronics,DVD Player,Changhong,10,1652.98,1599.86,53.12
NZ-ORD-690,2024-11-20,Auckland,Product-4,Electronics,CCTV,Huawei,3,1721.92,1704.41,17.51
NZ-ORD-691,2024-11-21,Wellington,Product-1,Home Decor,Miniature Statue,Baurdani,5,985.59,1024.46,-38.87
NZ-ORD-692,2024-11-22,Christchurch,Product-5,Clothing,T-Shirt,Nike,5,1776.88,1544.44,232.44
NZ-ORD-693,2024-11-23,Christchurch,Product-11,Books,Comedy,Warner Bros,7,518.5,39.55,478.95
NZ-ORD-694,2024-11-24,Auckland,Product-13,Books,Horror,Universal,1,557.51,189.27,368.24
NZ-ORD-695,2024-11-25,Wellington,Product-14,Clothing,Shirt,Puma,6,450.43,456.02,-5.59
NZ-ORD-696,2024-11-26,Wellington,Product-15,Toys,Card Game,Hasbro,7,1100.28,958.71,141.57
NZ-ORD-697,2024-11-27,Hamilton,Product-12,Clothing,Shoe,Puma,4,108.78,105.31,3.47
NZ-ORD-698,2024-11-28,Hamilton,Product-16,Toys,Board Game,Century,6,1424.63,1265.22,159.41
NZ-ORD-699,2024-11-29,Hamilton,Product-18,Books,Cartoon,Disney,1,1835.87,1503.85,332.02
NZ-ORD-700,2024-11-30,Wellington,Product-26,Home Decor,Vinyl Paper,Joyko,7,1552.65,1234.86,317.79
NZ-ORD-701,2024-12-01,Dunedin,Product-4,Toys,Doll,Marvel,8,449.53,548.47,-98.94
NZ-ORD-702,2024-12-02,Dunedin,Product-10,Home Decor,Vase,IKEA,2,1496.05,1507.06,-11.01
NZ-ORD-703,2024-12-03,Wellington,Product-10,Home Decor,Window Blind,Kels,10,934.54,512.55,421.99
NZ-ORD-704,2024-12-04,Dunedin,Product-8,Home Decor,Vase,IKEA,2,1899.53,1612.63,286.9
NZ-ORD-705,2024-12-05,Auckland,Product-1,Clothing,Shoe,Puma,3,1619.62,1697.29,-77.67
NZ-ORD-706,2024-12-06,Auckland,Product-30,Clothing,Shoe,New Balance,3,747.5,298.23,449.27
NZ-ORD-707,2024-12-07,Dunedin,Product-28,Toys,Doll,Hasbro,7,608.95,555.55,53.4
NZ-ORD-708,2024-12-08,Christchurch,Product-1,Electronics,Hardisk SDD,Samsung,4,1628.15,1182.71,445.44
NZ-ORD-709,2024-12-09,Auckland,Product-20,Books,Romance,Disney,3,681.59,647.36,34.23
NZ-ORD-710,2024-12-10,Hamilton,Product-14,Home Decor,Window Blind,Rails,3,415.68,291.6,124.08
NZ-ORD-711,2024-12-11,Auckland,Product-6,Clothing,Pant,Puma,3,716.89,748.01,-31.12
NZ-ORD-712,2024-12-12,Auckland,Product-16,Toys,Puzzle,Gramedia,3,1104.48,741.12,363.36
NZ-ORD-713,2024-12-13,Hamilton,Product-16,Home Decor,Window Blind,IKEA,5,1038.04,789.6,248.44
NZ-ORD-714,2024-12-14,Auckland,Product-1,Books,Horror,Warner Bros,2,1248.64,1278.5,-29.86
NZ-ORD-715,2024-12-15,Christchurch,Product-9,Toys,Card Game,Dungeons,4,1104.44,1170.05,-65.61
NZ-ORD-716,2024-12-16,Hamilton,Product-24,Books,Documentary,Discovery,8,633.76,336.99,296.77
NZ-ORD-717,2024-12-17,Hamilton,Product-19,Home Decor,Miniature Statue,Oates,10,904.32,892.59,11.73
NZ-ORD-718,2024-12-18,Christchurch,Product-13,Electronics,Hardisk SDD,Toshiba,10,1296.75,871.19,425.56
NZ-ORD-719,2024-12-19,Auckland,Product-5,Books,Cartoon,Warner Bros,7,1841.79,1907.56,-65.77
NZ-ORD-720,2024-12-20,Hamilton,Product-3,Clothing,Shoe,New Balance,2,1814.18,1821.62,-7.44
NZ-ORD-721,2024-12-21,Christchurch,Product-1,Clothing,Jacket,Puma,3,1464.82,1516.66,-51.84
NZ-ORD-722,2024-12-22,Wellington,Product-7,Toys,Doll,Marvel,7,804.54,460.16,344.38
NZ-ORD-723,2024-12-23,Hamilton,Product-28,Toys,Puzzle,Wonder World,3,1621.71,1387.3,234.41
NZ-ORD-724,2024-12-24,Christchurch,Product-14,Clothing,Shoe,Converse,7,1562.85,1534.09,28.76
NZ-ORD-725,2024-12-25,Wellington,Product-14,Electronics,Hardisk SDD,Samsung,2,477.49,336.83,140.66
NZ-ORD-726,2024-12-26,Christchurch,Product-1,Toys,Robot,Capcom,6,1315.2,916.8,398.4
NZ-ORD-727,2024-12-27,Christchurch,Product-30,Home Decor,Vase,Midea,5,573.96,79.11,494.85
NZ-ORD-728,2024-12-28,Wellington,Product-20,Electronics,Mobile Phone,Apple,2,64.21,-24.02,88.23
NZ-ORD-729,2024-12-29,Auckland,Product-27,Toys,Robot,Konami,10,1613.87,1473.4,140.47
NZ-ORD-730,2024-12-30,Christchurch,Product-22,Home Decor,Vinyl Paper,Seven,8,1707.91,1359.98,347.93
NZ-ORD-731,2024-12-31,Christchurch,Product-23,Books,Horror,Universal,10,1644.55,1461.43,183.12
NZ-ORD-732,2025-01-01,Hamilton,Product-15,Electronics,CCTV,Samsung,6,651.15,285.92,365.23
NZ-ORD-733,2025-01-02,Dunedin,Product-24,Clothing,Pant,Adidas,6,848.41,523.75,324.66
NZ-ORD-734,2025-01-03,Dunedin,Product-30,Electronics,CCTV,Sony,5,1772.02,1719.92,52.1
NZ-ORD-735,2025-01-04,Hamilton,Product-15,Home Decor,Vinyl Paper,Kenko,8,1587.67,1148.41,439.26
NZ-ORD-736,2025-01-05,Christchurch,Product-17,Clothing,Shirt,Nike,4,151.91,230.62,-78.71
NZ-ORD-737,2025-01-06,Auckland,Product-6,Books,Cartoon,Dreamworks,3,402.32,-70.33,472.65
NZ-ORD-738,2025-01-07,Auckland,Product-1,Clothing,Jacket,New Balance,2,625.04,663.95,-38.91
NZ-ORD-739,2025-01-08,Hamilton,Product-7,Books,Documentary,Warner Bros,8,1739.88,1264.05,475.83
NZ-ORD-740,2025-01-09,Wellington,Product-6,Books,Cartoon,Warner Bros,2,782.77,401.8,380.97
NZ-ORD-741,2025-01-10,Wellington,Product-20,Clothing,Jacket,Puma,7,512.46,493.69,18.77
NZ-ORD-742,2025-01-11,Dunedin,Product-23,Electronics,Mobile Phone,Apple,10,1720.74,1309.9,410.84
NZ-ORD-743,2025-01-12,Auckland,Product-18,Electronics,Hardisk SDD,Seagate,6,1584.02,1575.33,8.69
NZ-ORD-744,2025-01-13,Christchurch,Product-3,Home Decor,Vinyl Paper,Seven,6,1134.85,1227.2,-92.35
NZ-ORD-745,2025-01-14,Dunedin,Product-23,Toys,Doll,Hasbro,9,1485.43,1056.4,429.03
NZ-ORD-746,2025-01-15,Hamilton,Product-13,Books,Comedy,20th Century Fox,7,1667.59,1348.06,319.53
NZ-ORD-747,2025-01-16,Wellington,Product-1,Books,Comedy,Warner Bros,1,1849.66,1570.45,279.21
NZ-ORD-748,2025-01-17,Wellington,Product-5,Books,Comedy,Lionsgate,5,949.54,637.06,312.48
NZ-ORD-749,2025-01-18,Auckland,Product-26,Clothing,T-Shirt,New Balance,5,1777.1,1754.61,22.49
NZ-ORD-750,2025-01-19,Christchurch,Product-24,Toys,Puzzle,Marvel,6,1145.67,927.41,218.26
NZ-ORD-751,2025-01-20,Hamilton,Product-9,Home Decor,Miniature Statue,Oates,9,36.71,-16.41,53.12
NZ-ORD-752,2025-01-21,Christchurch,Product-5,Clothing,T-Shirt,Converse,5,358.6,264.54,94.06
NZ-ORD-753,2025-01-22,Wellington,Product-14,Toys,Puzzle,Marvel,7,1897.08,1477.12,419.96
NZ-ORD-754,2025-01-23,Wellington,Product-18,Clothing,Shirt,Converse,1,641.14,683.72,-42.58
NZ-ORD-755,2025-01-24,Wellington,Product-7,Electronics,TV,Samsung,5,839.35,419.69,419.66
NZ-ORD-756,2025-01-25,Auckland,Product-3,Toys,Card Game,Marvel,2,1070.22,911.84,158.38
NZ-ORD-757,2025-01-26,Christchurch,Product-23,Clothing,Shoe,Puma,2,1675.34,1486.59,188.75
NZ-ORD-758,2025-01-27,Auckland,Product-14,Home Decor,Vinyl Paper,Level Up,2,1232.98,902.28,330.7
NZ-ORD-759,2025-01-28,Hamilton,Product-15,Books,Documentary,Universal,8,1447.19,1056.66,390.53
NZ-ORD-760,2025-01-29,Auckland,Product-14,Home Decor,Miniature Statue,Tuscany,10,1079.18,1141.21,-62.03
NZ-ORD-761,2025-01-30,Hamilton,Product-28,Toys,Board Game,Telltale,1,1403.02,1490.18,-87.16
NZ-ORD-762,2025-01-31,Auckland,Product-9,Books,Horror,20th Century Fox,2,221.97,-35.82,257.79
NZ-ORD-763,2025-02-01,Wellington,Product-26,Home Decor,Miniature Statue,Baurdani,10,813.09,380.23,432.86
NZ-ORD-764,2025-02-02,Auckland,Product-9,Toys,Robot,Bandai,2,1640.85,1260.89,379.96
NZ-ORD-765,2025-02-03,Christchurch,Product-12,Clothing,T-Shirt,Nike,2,242.79,-232.55,475.34
NZ-ORD-766,2025-02-04,Dunedin,Product-15,Home Decor,Vinyl Paper,Level Up,10,1170.91,991.31,179.6
NZ-ORD-767,2025-02-05,Hamilton,Product-30,Clothing,Pant,Converse,6,1601.54,1509.46,92.08
NZ-ORD-768,2025-02-06,Dunedin,Product-23,Home Decor,Vinyl Paper,Joyko,9,1006.96,661.64,345.32
NZ-ORD-769,2025-02-07,Christchurch,Product-11,Electronics,TV,Sony,8,1097.51,650.69,446.82
NZ-ORD-770,2025-02-08,Hamilton,Product-9,Home Decor,Miniature Statue,Tuscany,5,815.32,642.87,172.45
NZ-ORD-771,2025-02-09,Wellington,Product-24,Electronics,DVD Player,Samsung,1,343.12,126.66,216.46
NZ-ORD-772,2025-02-10,Christchurch,Product-15,Toys,Card Game,Dungeons,1,1424.21,1353.74,70.47
NZ-ORD-773,2025-02-11,Wellington,Product-2,Toys,Board Game,Hasbro,7,1898.23,1545.43,352.8
NZ-ORD-774,2025-02-12,Hamilton,Product-25,Electronics,Mobile Phone,Vivo,10,157.42,-53.3,210.72
NZ-ORD-775,2025-02-13,Hamilton,Product-7,Clothing,Jacket,Converse,10,1987.83,2045.44,-57.61
NZ-ORD-776,2025-02-14,Christchurch,Product-22,Electronics,CCTV,Sony,10,1219.14,1193.76,25.38
NZ-ORD-777,2025-02-15,Auckland,Product-21,Toys,Puzzle,Wonder World,7,1220.4,1195.96,24.44
NZ-ORD-778,2025-02-16,Christchurch,Product-6,Toys,Doll,Yin Mang,10,965.53,652.42,313.11
NZ-ORD-779,2025-02-17,Dunedin,Product-19,Home Decor,Vinyl Paper,Seiko,7,471.52,334.93,136.59
NZ-ORD-780,2025-02-18,Hamilton,Product-23,Home Decor,Vinyl Paper,Level Up,1,1687.37,1311.84,375.53
NZ-ORD-781,2025-02-19,Dunedin,Product-3,Electronics,Hardisk SDD,Kingston,9,76.46,69.18,7.28
NZ-ORD-782,2025-02-20,Dunedin,Product-3,Home Decor,Miniature Statue,Oates,5,1510.18,1599.48,-89.3
NZ-ORD-783,2025-02-21,Auckland,Product-10,Home Decor,Vase,Yuzhei Wong,1,1047.18,982.24,64.94
NZ-ORD-784,2025-02-22,Wellington,Product-7,Books,Horror,20th Century Fox,9,593.75,518.31,75.44
NZ-ORD-785,2025-02-23,Hamilton,Product-13,Home Decor,Window Blind,Bardy,4,695.59,722.44,-26.85
NZ-ORD-786,2025-02-24,Christchurch,Product-7,Electronics,Mobile Phone,Vivo,8,1894.53,1541.27,353.26
NZ-ORD-787,2025-02-25,Dunedin,Product-7,Toys,Puzzle,Hasbro,1,1491.85,1439.58,52.27
NZ-ORD-788,2025-02-26,Hamilton,Product-7,Toys,Board Game,Telltale,1,1947.96,1743.14,204.82
NZ-ORD-789,2025-02-27,Christchurch,Product-3,Clothing,Pant,Puma,2,1263.75,944.28,319.47
NZ-ORD-790,2025-02-28,Auckland,Product-19,Electronics,TV,Toshiba,1,1938.12,1926.43,11.69
NZ-ORD-791,2025-03-01,Hamilton,Product-20,Clothing,Pant,Converse,9,129.57,115.48,14.09
NZ-ORD-792,2025-03-02,Auckland,Product-3,Clothing,Jacket,New Balance,5,1137.17,845.95,291.22
NZ-ORD-793,2025-03-03,Christchurch,Product-5,Toys,Board Game,Marvel,7,1346.1,958.18,387.92
NZ-ORD-794,2025-03-04,Dunedin,Product-13,Toys,Doll,Lego,3,1488.9,1406.59,82.31
NZ-ORD-795,2025-03-05,Dunedin,Product-10,Clothing,Shirt,Converse,1,1345.39,1286.82,58.57
NZ-ORD-796,2025-03-06,Christchurch,Product-18,Toys,Card Game,Hasbro,6,814.07,834.77,-20.7
NZ-ORD-797,2025-03-07,Hamilton,Product-15,Home Decor,Curtain,Brother,3,1487.95,1474.52,13.43
NZ-ORD-798,2025-03-08,Dunedin,Product-9,Electronics,Mobile Phone,Apple,3,1780.21,1615.01,165.2
NZ-ORD-799,2025-03-09,Dunedin,Product-29,Home Decor,Curtain,IKEA,9,1112.52,796.45,316.07
NZ-ORD-800,2025-03-10,Dunedin,Product-16,Home Decor,Curtain,Bardy,4,1300.86,1242.75,58.11
NZ-ORD-801,2025-03-11,Christchurch,Product-14,Books,Comedy,20th Century Fox,5,1103.3,1191.81,-88.51
NZ-ORD-802,2025-03-12,Wellington,Product-13,Books,Cartoon,Dreamworks,10,1203.89,710.35,493.54
NZ-ORD-803,2025-03-13,Wellington,Product-16,Home Decor,Window Blind,Bardy,3,538.59,207.38,331.21
NZ-ORD-804,2025-03-14,Hamilton,Product-11,Home Decor,Vinyl Paper,Seiko,10,1724.08,1651.03,73.05
NZ-ORD-805,2025-03-15,Christchurch,Product-25,Toys,Board Game,Telltale,1,1531.37,1603.52,-72.15
NZ-ORD-806,2025-03-16,Dunedin,Product-19,Toys,Card Game,Marvel,3,1488.21,1290.32,197.89
NZ-ORD-807,2025-03-17,Christchurch,Product-26,Books,Horror,Warner Bros,8,1119.91,696.54,423.37
NZ-ORD-808,2025-03-18,Auckland,Product-9,Clothing,Shirt,Nike,2,142.32,-134.98,277.3
NZ-ORD-809,2025-03-19,Dunedin,Product-23,Electronics,Hardisk SDD,Seagate,1,700.73,629.47,71.26
NZ-ORD-810,2025-03-20,Christchurch,Product-5,Electronics,Mobile Phone,Huawei,4,124.45,-108.92,233.37
NZ-ORD-811,2025-03-21,Hamilton,Product-15,Toys,Card Game,Hasbro,9,785.49,446.4,339.09
NZ-ORD-812,2025-03-22,Hamilton,Product-19,Books,Comedy,Universal,2,1892.3,1751.4,140.9
NZ-ORD-813,2025-03-23,Auckland,Product-4,Toys,Board Game,Hasbro,2,561.08,415.33,145.75
NZ-ORD-814,2025-03-24,Christchurch,Product-19,Books,Documentary,National Geographic,10,729.38,811.68,-82.3
NZ-ORD-815,2025-03-25,Wellington,Product-25,Electronics,Hardisk SDD,Toshiba,4,1774.93,1744.43,30.5
NZ-ORD-816,2025-03-26,Hamilton,Product-8,Electronics,Hardisk SDD,Seagate,9,1901.65,1645.7,255.95
NZ-ORD-817,2025-03-27,Hamilton,Product-15,Home Decor,Vinyl Paper,Level Up,6,416.5,502.21,-85.71
NZ-ORD-818,2025-03-28,Christchurch,Product-12,Books,Horror,Lionsgate,9,1371.12,1159.42,211.7
NZ-ORD-819,2025-03-29,Auckland,Product-4,Electronics,DVD Player,Panasonic,3,567.52,94.86,472.66
NZ-ORD-820,2025-03-30,Auckland,Product-16,Books,Documentary,National Geographic,3,1770.36,1364.58,405.78
NZ-ORD-821,2025-03-31,Christchurch,Product-23,Books,Documentary,National Geographic,3,1016.68,851.44,165.24
NZ-ORD-822,2025-04-01,Dunedin,Product-16,Electronics,TV,Xiaomi,1,658.47,569.82,88.65
NZ-ORD-823,2025-04-02,Christchurch,Product-29,Toys,Card Game,Marvel,4,789.08,848.22,-59.14
NZ-ORD-824,2025-04-03,Christchurch,Product-10,Electronics,CCTV,Toshiba,5,463.2,293.14,170.06
NZ-ORD-825,2025-04-04,Christchurch,Product-3,Home Decor,Curtain,Brother,6,1338.92,887.94,450.98
NZ-ORD-826,2025-04-05,Wellington,Product-7,Electronics,TV,Samsung,5,1098.97,605.55,493.42
NZ-ORD-827,2025-04-06,Christchurch,Product-24,Electronics,Hardisk SDD,Kingston,9,1138.04,1028.59,109.45
NZ-ORD-828,2025-04-07,Christchurch,Product-10,Toys,Robot,Bandai,7,264.69,252.18,12.51
NZ-ORD-829,2025-04-08,Wellington,Product-1,Clothing,Pant,Puma,7,648.04,742.67,-94.63
NZ-ORD-830,2025-04-09,Wellington,Product-28,Clothing,Jacket,Nike,8,1589.53,1513.45,76.08
NZ-ORD-831,2025-04-10,Christchurch,Product-26,Toys,Doll,Lego,5,864.64,696.36,168.28
NZ-ORD-832,2025-04-11,Wellington,Product-19,Clothing,Shirt,Puma,8,1486.6,1018.66,467.94
NZ-ORD-833,2025-04-12,Auckland,Product-2,Home Decor,Vase,Midea,5,806.55,891.57,-85.02
NZ-ORD-834,2025-04-13,Wellington,Product-24,Toys,Puzzle,Gramedia,4,1012.02,1041.69,-29.67
NZ-ORD-835,2025-04-14,Auckland,Product-11,Toys,Doll,Barbie,4,1817.05,1523.26,293.79
NZ-ORD-836,2025-04-15,Hamilton,Product-8,Clothing,Pant,Puma,1,778.73,806.57,-27.84
NZ-ORD-837,2025-04-16,Hamilton,Product-13,Clothing,T-Shirt,Adidas,6,1962.13,1942.98,19.15
NZ-ORD-838,2025-04-17,Dunedin,Product-29,Clothing,T-Shirt,Puma,8,1381.54,1093.06,288.48
NZ-ORD-839,2025-04-18,Dunedin,Product-17,Electronics,CCTV,Toshiba,3,965.79,821.23,144.56
NZ-ORD-840,2025-04-19,Auckland,Product-9,Home Decor,Vase,IKEA,4,1175.26,921.58,253.68
NZ-ORD-841,2025-04-20,Christchurch,Product-16,Toys,Doll,Yin Mang,2,1828.81,1341.98,486.83
NZ-ORD-842,2025-04-21,Dunedin,Product-14,Home Decor,Vase,Yuzhei Wong,4,1160.45,1001.61,158.84
NZ-ORD-843,2025-04-22,Wellington,Product-20,Books,Comedy,Disney,10,1522.06,1426.67,95.39
NZ-ORD-844,2025-04-23,Wellington,Product-27,Toys,Doll,Hasbro,4,878.93,780.5,98.43
NZ-ORD-845,2025-04-24,Hamilton,Product-20,Home Decor,Window Blind,Brother,7,1384.09,1420.8,-36.71
NZ-ORD-846,2025-04-25,Christchurch,Product-30,Electronics,DVD Player,Toshiba,8,313.85,228.8,85.05
NZ-ORD-847,2025-04-26,Wellington,Product-7,Electronics,Hardisk SDD,Sandisk,8,330.99,69.17,261.82
NZ-ORD-848,2025-04-27,Wellington,Product-24,Books,Documentary,Warner Bros,3,702.59,419.6,282.99
NZ-ORD-849,2025-04-28,Hamilton,Product-27,Books,Romance,Warner Bros,4,1049.48,1054.9,-5.42
NZ-ORD-850,2025-04-29,Auckland,Product-22,Clothing,Jacket,Converse,3,1202.51,932.03,270.48
NZ-ORD-851,2025-04-30,Auckland,Product-21,Toys,Puzzle,Telltale,5,1009.76,612.95,396.81
NZ-ORD-852,2025-05-01,Dunedin,Product-18,Toys,Robot,Namco,1,1585.04,1200.49,384.55
NZ-ORD-853,2025-05-02,Hamilton,Product-2,Electronics,TV,Panasonic,9,846.12,910.91,-64.79
NZ-ORD-854,2025-05-03,Christchurch,Product-27,Toys,Puzzle,Hasbro,5,430.02,529.32,-99.3
NZ-ORD-855,2025-05-04,Auckland,Product-2,Electronics,Hardisk SDD,Toshiba,1,1708.98,1592.91,116.07
NZ-ORD-856,2025-05-05,Auckland,Product-12,Home Decor,Vinyl Paper,Seven,2,1714.99,1710.98,4.01
NZ-ORD-857,2025-05-06,Hamilton,Product-26,Books,Horror,Lionsgate,9,272.68,-85.23,357.91
NZ-ORD-858,2025-05-07,Wellington,Product-20,Home Decor,Window Blind,Rails,1,690.93,253.06,437.87
NZ-ORD-859,2025-05-08,Hamilton,Product-16,Toys,Puzzle,Hasbro,2,928.54,450.08,478.46
NZ-ORD-860,2025-05-09,Hamilton,Product-11,Books,Documentary,20th Century Fox,9,986.29,908.79,77.5
NZ-ORD-861,2025-05-10,Auckland,Product-3,Toys,Robot,Sega,5,1572.87,1334.77,238.1
NZ-ORD-862,2025-05-11,Christchurch,Product-13,Electronics,Hardisk SDD,Samsung,1,614.91,216.92,397.99
NZ-ORD-863,2025-05-12,Wellington,Product-2,Home Decor,Vinyl Paper,Seven,8,465,138.46,326.54
NZ-ORD-864,2025-05-13,Christchurch,Product-13,Clothing,Pant,Puma,4,977.5,508.91,468.59
NZ-ORD-865,2025-05-14,Dunedin,Product-12,Books,Horror,20th Century Fox,9,1579.95,1085.2,494.75
NZ-ORD-866,2025-05-15,Auckland,Product-8,Clothing,Shoe,Nike,8,991.7,586.76,404.94
NZ-ORD-867,2025-05-16,Christchurch,Product-17,Books,Horror,Warner Bros,7,1601.03,1314.44,286.59
NZ-ORD-868,2025-05-17,Dunedin,Product-1,Books,Cartoon,Pixar,2,660.85,240.24,420.61
NZ-ORD-869,2025-05-18,Hamilton,Product-6,Toys,Robot,Konami,7,1672.11,1761.1,-88.99
NZ-ORD-870,2025-05-19,Wellington,Product-26,Home Decor,Curtain,Kels,7,1986.1,1824.77,161.33
NZ-ORD-871,2025-05-20,Auckland,Product-27,Electronics,CCTV,Sony,2,41.68,-368.82,410.5
NZ-ORD-872,2025-05-21,Christchurch,Product-23,Clothing,Shoe,Adidas,9,261.53,32.34,229.19
NZ-ORD-873,2025-05-22,Dunedin,Product-9,Clothing,Shirt,Puma,9,345.07,395.42,-50.35
NZ-ORD-874,2025-05-23,Wellington,Product-13,Home Decor,Vase,Foshan,4,1840.76,1764.86,75.9
NZ-ORD-875,2025-05-24,Wellington,Product-29,Books,Horror,Lionsgate,9,1475.66,1209.87,265.79
NZ-ORD-876,2025-05-25,Auckland,Product-5,Toys,Board Game,Marvel,5,1762.19,1739.32,22.87
NZ-ORD-877,2025-05-26,Hamilton,Product-30,Electronics,TV,Xiaomi,4,410.81,348.67,62.14
NZ-ORD-878,2025-05-27,Dunedin,Product-4,Home Decor,Vinyl Paper,Joyko,1,155.42,-156.84,312.26
NZ-ORD-879,2025-05-28,Dunedin,Product-9,Electronics,TV,Sony,10,1060.85,746.41,314.44
NZ-ORD-880,2025-05-29,Auckland,Product-12,Home Decor,Curtain,IKEA,7,1494.86,1426.15,68.71
NZ-ORD-881,2025-05-30,Wellington,Product-30,Books,Comedy,Lionsgate,5,835.61,570.76,264.85
NZ-ORD-882,2025-05-31,Auckland,Product-20,Clothing,Shoe,New Balance,10,917.93,774.72,143.21
NZ-ORD-883,2025-06-01,Christchurch,Product-16,Clothing,Jacket,Puma,1,413.28,197.26,216.02
NZ-ORD-884,2025-06-02,Auckland,Product-27,Books,Horror,Lionsgate,3,134.76,-127.59,262.35
NZ-ORD-885,2025-06-03,Christchurch,Product-7,Clothing,Pant,Nike,2,1600.91,1688.21,-87.3
NZ-ORD-886,2025-06-04,Auckland,Product-22,Electronics,CCTV,Samsung,8,1420.1,1373.06,47.04
NZ-ORD-887,2025-06-05,Auckland,Product-24,Electronics,CCTV,Toshiba,4,788.33,407.32,381.01
NZ-ORD-888,2025-06-06,Christchurch,Product-1,Books,Comedy,Warner Bros,9,363.4,326.95,36.45
NZ-ORD-889,2025-06-07,Hamilton,Product-20,Books,Cartoon,Nickelodeon,1,1082.71,765.3,317.41
NZ-ORD-890,2025-06-08,Christchurch,Product-8,Toys,Puzzle,Hasbro,4,1434.9,1514.59,-79.69
NZ-ORD-891,2025-06-09,Christchurch,Product-17,Toys,Card Game,Marvel,2,302.14,287.99,14.15
NZ-ORD-892,2025-06-10,Auckland,Product-27,Books,Comedy,20th Century Fox,4,436.57,271.44,165.13
NZ-ORD-893,2025-06-11,Auckland,Product-24,Clothing,Shoe,Nike,6,1434.79,1128.09,306.7
NZ-ORD-894,2025-06-12,Auckland,Product-16,Electronics,CCTV,Samsung,8,600.51,172.76,427.75
NZ-ORD-895,2025-06-13,Christchurch,Product-4,Home Decor,Miniature Statue,Oates,4,929,967.67,-38.67
NZ-ORD-896,2025-06-14,Wellington,Product-5,Clothing,T-Shirt,Converse,2,877.27,670.2,207.07
NZ-ORD-897,2025-06-15,Hamilton,Product-4,Clothing,T-Shirt,New Balance,3,1329.77,1226.65,103.12
NZ-ORD-898,2025-06-16,Auckland,Product-26,Clothing,Pant,Nike,1,1158.82,1003.2,155.62
NZ-ORD-899,2025-06-17,Hamilton,Product-29,Home Decor,Vase,Foshan,7,1252.75,1223.61,29.14
NZ-ORD-900,2025-06-18,Hamilton,Product-12,Books,Romance,20th Century Fox,8,90.85,-209.99,300.84
NZ-ORD-901,2025-06-19,Auckland,Product-30,Clothing,Shirt,New Balance,4,1903.77,1770.32,133.45
NZ-ORD-902,2025-06-20,Wellington,Product-23,Electronics,Mobile Phone,Apple,1,44.78,-181.01,225.79
NZ-ORD-903,2025-06-21,Auckland,Product-14,Toys,Puzzle,Marvel,7,953.23,1004.57,-51.34
NZ-ORD-904,2025-06-22,Wellington,Product-23,Home Decor,Curtain,IKEA,2,1950.07,1681.23,268.84
NZ-ORD-905,2025-06-23,Hamilton,Product-10,Clothing,Pant,Converse,9,1816.57,1690.31,126.26
NZ-ORD-906,2025-06-24,Hamilton,Product-19,Toys,Robot,Sega,7,1164.6,1059.85,104.75
NZ-ORD-907,2025-06-25,Christchurch,Product-27,Clothing,Shoe,Adidas,2,1368.06,963.38,404.68
NZ-ORD-908,2025-06-26,Dunedin,Product-17,Clothing,Shirt,Nike,9,891.78,585.65,306.13
NZ-ORD-909,2025-06-27,Hamilton,Product-23,Toys,Card Game,Telltale,3,490.56,300.89,189.67
NZ-ORD-910,2025-06-28,Christchurch,Product-7,Toys,Doll,Yin Mang,2,571.97,520.2,51.77
NZ-ORD-911,2025-06-29,Wellington,Product-11,Electronics,Mobile Phone,Apple,8,678.92,498.13,180.79
NZ-ORD-912,2025-06-30,Wellington,Product-21,Electronics,CCTV,Xiaomi,3,1476.37,1193.45,282.92
NZ-ORD-913,2025-07-01,Auckland,Product-23,Books,Romance,Warner Bros,9,778.62,837.16,-58.54
NZ-ORD-914,2025-07-02,Wellington,Product-4,Home Decor,Window Blind,Bardy,1,373.92,442.26,-68.34
NZ-ORD-915,2025-07-03,Dunedin,Product-7,Books,Horror,Warner Bros,7,1387.97,1434.74,-46.77
NZ-ORD-916,2025-07-04,Dunedin,Product-21,Electronics,DVD Player,Sony,6,738.69,620.89,117.8
NZ-ORD-917,2025-07-05,Dunedin,Product-21,Books,Horror,Universal,10,1291.54,861.14,430.4
NZ-ORD-918,2025-07-06,Wellington,Product-9,Home Decor,Vase,Midea,1,1540.75,1309.52,231.23
NZ-ORD-919,2025-07-07,Auckland,Product-16,Clothing,Shirt,Nike,8,891.4,951.86,-60.46
NZ-ORD-920,2025-07-08,Hamilton,Product-16,Books,Cartoon,Warner Bros,9,971.91,631.41,340.5
NZ-ORD-921,2025-07-09,Christchurch,Product-17,Electronics,DVD Player,Panasonic,9,648.73,703.23,-54.5
NZ-ORD-922,2025-07-10,Hamilton,Product-27,Books,Documentary,Discovery,8,1030.61,869.55,161.06
NZ-ORD-923,2025-07-11,Hamilton,Product-17,Toys,Robot,Bandai,8,942.78,1011.02,-68.24
NZ-ORD-924,2025-07-12,Hamilton,Product-30,Home Decor,Vinyl Paper,Seven,4,122.25,133.68,-11.43
NZ-ORD-925,2025-07-13,Dunedin,Product-22,Electronics,TV,Toshiba,7,851.36,809.92,41.44
NZ-ORD-926,2025-07-14,Auckland,Product-27,Home Decor,Window Blind,Brother,2,127.34,49.54,77.8
NZ-ORD-927,2025-07-15,Dunedin,Product-19,Toys,Robot,Sega,1,408.59,20.21,388.38
NZ-ORD-928,2025-07-16,Auckland,Product-8,Electronics,Hardisk SDD,Kingston,5,1596.23,1646.73,-50.5
NZ-ORD-929,2025-07-17,Dunedin,Product-12,Electronics,DVD Player,Sony,2,1434.88,1276.14,158.74
NZ-ORD-930,2025-07-18,Christchurch,Product-7,Clothing,Shoe,Adidas,8,328.49,5.56,322.93
NZ-ORD-931,2025-07-19,Auckland,Product-29,Toys,Doll,Hasbro,8,199.84,216.19,-16.35
NZ-ORD-932,2025-07-20,Hamilton,Product-29,Home Decor,Miniature Statue,Holmes Brok,8,115.25,-195.65,310.9
NZ-ORD-933,2025-07-21,Dunedin,Product-24,Home Decor,Window Blind,IKEA,6,1541.1,1561.3,-20.2
NZ-ORD-934,2025-07-22,Hamilton,Product-7,Toys,Card Game,Dungeons,1,378.41,31.67,346.74
NZ-ORD-935,2025-07-23,Auckland,Product-6,Home Decor,Curtain,Rails,6,385.35,111.34,274.01
NZ-ORD-936,2025-07-24,Dunedin,Product-22,Home Decor,Vase,Midea,3,780.97,369.54,411.43
NZ-ORD-937,2025-07-25,Christchurch,Product-7,Electronics,Hardisk SDD,Kingston,6,624.51,545.65,78.86
NZ-ORD-938,2025-07-26,Christchurch,Product-16,Toys,Card Game,Century,4,1016.04,1081.91,-65.87
NZ-ORD-939,2025-07-27,Dunedin,Product-20,Toys,Card Game,Marvel,6,1110.94,1113.01,-2.07
NZ-ORD-940,2025-07-28,Dunedin,Product-15,Toys,Puzzle,Marvel,10,67.8,-201.03,268.83
NZ-ORD-941,2025-07-29,Auckland,Product-26,Electronics,TV,Toshiba,7,837.81,574.52,263.29
NZ-ORD-942,2025-07-30,Christchurch,Product-11,Home Decor,Vinyl Paper,Joyko,9,654.26,500.58,153.68
NZ-ORD-943,2025-07-31,Dunedin,Product-27,Toys,Board Game,Marvel,8,1124.89,1201.5,-76.61
NZ-ORD-944,2025-08-01,Christchurch,Product-24,Electronics,Mobile Phone,Huawei,3,1528.32,1545.99,-17.67
NZ-ORD-945,2025-08-02,Wellington,Product-12,Home Decor,Vase,Zhongwei,1,783.86,682.13,101.73
NZ-ORD-946,2025-08-03,Wellington,Product-10,Electronics,CCTV,Samsung,7,1357.93,939.14,418.79
NZ-ORD-947,2025-08-04,Auckland,Product-20,Electronics,Mobile Phone,Apple,2,1145.02,1238.97,-93.95
NZ-ORD-948,2025-08-05,Auckland,Product-16,Home Decor,Vinyl Paper,Seiko,3,51.36,-94.57,145.93
NZ-ORD-949,2025-08-06,Auckland,Product-4,Toys,Doll,Hasbro,7,630.57,263.82,366.75
NZ-ORD-950,2025-08-07,Wellington,Product-16,Books,Cartoon,Warner Bros,5,1736.13,1820.66,-84.53
NZ-ORD-951,2025-08-08,Christchurch,Product-14,Toys,Robot,Bandai,1,769.66,640.99,128.67
NZ-ORD-952,2025-08-09,Christchurch,Product-10,Books,Cartoon,Dreamworks,5,975.12,654.94,320.18
NZ-ORD-953,2025-08-10,Christchurch,Product-17,Electronics,TV,Sony,3,1515.49,1508.99,6.5
NZ-ORD-954,2025-08-11,Wellington,Product-11,Clothing,Jacket,New Balance,10,1241.13,908.54,332.59
NZ-ORD-955,2025-08-12,Dunedin,Product-15,Toys,Board Game,Telltale,6,1449.58,1163.88,285.7
NZ-ORD-956,2025-08-13,Auckland,Product-18,Home Decor,Vase,Zhongwei,6,1955.66,1680.47,275.19
NZ-ORD-957,2025-08-14,Hamilton,Product-10,Home Decor,Vinyl Paper,Seiko,9,1365.36,1139.68,225.68
NZ-ORD-958,2025-08-15,Hamilton,Product-5,Books,Romance,Warner Bros,9,1464.39,1222.19,242.2
NZ-ORD-959,2025-08-16,Dunedin,Product-29,Home Decor,Miniature Statue,Oates,1,1462.57,1358.87,103.7
NZ-ORD-960,2025-08-17,Dunedin,Product-28,Home Decor,Miniature Statue,Bucchari,4,165.81,121.25,44.56
NZ-ORD-961,2025-08-18,Wellington,Product-27,Home Decor,Vinyl Paper,Kenko,5,1379.07,1204.52,174.55
NZ-ORD-962,2025-08-19,Christchurch,Product-26,Electronics,TV,Panasonic,8,502.74,32.03,470.71
NZ-ORD-963,2025-08-20,Auckland,Product-4,Toys,Board Game,Marvel,4,1926.07,1749.49,176.58
NZ-ORD-964,2025-08-21,Wellington,Product-2,Electronics,DVD Player,Samsung,3,868.32,432.6,435.72
NZ-ORD-965,2025-08-22,Dunedin,Product-9,Toys,Board Game,Exploding,8,788.01,492.81,295.2
NZ-ORD-966,2025-08-23,Christchurch,Product-3,Books,Romance,Universal,5,1259.19,832.34,426.85
NZ-ORD-967,2025-08-24,Hamilton,Product-20,Clothing,T-Shirt,New Balance,7,88.44,7.62,80.82
NZ-ORD-968,2025-08-25,Christchurch,Product-10,Toys,Puzzle,Marvel,7,910.52,987.65,-77.13
NZ-ORD-969,2025-08-26,Hamilton,Product-24,Toys,Board Game,Century,10,836.41,544.71,291.7
NZ-ORD-970,2025-08-27,Hamilton,Product-29,Electronics,TV,Toshiba,9,767.01,457.5,309.51
NZ-ORD-971,2025-08-28,Wellington,Product-21,Books,Horror,Universal,8,1910.28,1611.4,298.88
NZ-ORD-972,2025-08-29,Christchurch,Product-3,Books,Documentary,Universal,9,332.77,177.17,155.6
NZ-ORD-973,2025-08-30,Auckland,Product-22,Toys,Puzzle,Marvel,5,860.33,896.72,-36.39
NZ-ORD-974,2025-08-31,Christchurch,Product-28,Home Decor,Curtain,Bardy,3,1966.32,1626.74,339.58
NZ-ORD-975,2025-09-01,Hamilton,Product-1,Electronics,Hardisk SDD,Toshiba,6,1350.42,1240.11,110.31
NZ-ORD-976,2025-09-02,Dunedin,Product-30,Clothing,T-Shirt,New Balance,2,797.66,770.78,26.88
NZ-ORD-977,2025-09-03,Christchurch,Product-5,Books,Documentary,Warner Bros,10,333.26,308.68,24.58
NZ-ORD-978,2025-09-04,Christchurch,Product-3,Toys,Doll,Marvel,6,753.36,644.44,108.92
NZ-ORD-979,2025-09-05,Wellington,Product-12,Books,Cartoon,Pixar,10,1493.21,1491.07,2.14
NZ-ORD-980,2025-09-06,Auckland,Product-29,Electronics,Mobile Phone,Apple,2,913.4,732.63,180.77
NZ-ORD-981,2025-09-07,Hamilton,Product-27,Books,Comedy,Disney,3,1198.6,741.18,457.42
NZ-ORD-982,2025-09-08,Dunedin,Product-22,Electronics,TV,Xiaomi,6,493.69,133.72,359.97
NZ-ORD-983,2025-09-09,Wellington,Product-18,Clothing,Shirt,Adidas,2,881.8,813.46,68.34
NZ-ORD-984,2025-09-10,Auckland,Product-18,Books,Cartoon,Warner Bros,4,321.5,101.2,220.3
NZ-ORD-985,2025-09-11,Christchurch,Product-23,Clothing,T-Shirt,Adidas,3,1802.48,1702.67,99.81
NZ-ORD-986,2025-09-12,Christchurch,Product-3,Home Decor,Curtain,Bardy,6,1906.34,1725.13,181.21
NZ-ORD-987,2025-09-13,Auckland,Product-25,Clothing,Shirt,Nike,3,426.19,72.67,353.52
NZ-ORD-988,2025-09-14,Wellington,Product-5,Clothing,T-Shirt,Nike,5,1916.92,1494.09,422.83
NZ-ORD-989,2025-09-15,Hamilton,Product-8,Toys,Card Game,Century,6,640.76,558.09,82.67
NZ-ORD-990,2025-09-16,Dunedin,Product-16,Books,Romance,20th Century Fox,4,70.3,-181.92,252.22
NZ-ORD-991,2025-09-17,Dunedin,Product-13,Home Decor,Window Blind,Rails,6,1212.81,1140.94,71.87
NZ-ORD-992,2025-09-18,Hamilton,Product-6,Clothing,T-Shirt,Adidas,9,1975.77,1642.36,333.41
NZ-ORD-993,2025-09-19,Dunedin,Product-5,Electronics,DVD Player,Panasonic,7,1560.47,1197.62,362.85
NZ-ORD-994,2025-09-20,Christchurch,Product-15,Toys,Doll,Lego,2,516.53,346.69,169.84
NZ-ORD-995,2025-09-21,Dunedin,Product-23,Clothing,Jacket,Puma,7,642.21,285.2,357.01
NZ-ORD-996,2025-09-22,Auckland,Product-6,Home Decor,Curtain,Rails,5,1455.61,1189.44,266.17
NZ-ORD-997,2025-09-23,Dunedin,Product-11,Home Decor,Miniature Statue,Oates,5,1137.29,1183.21,-45.92
NZ-ORD-998,2025-09-24,Hamilton,Product-8,Home Decor,Curtain,Brother,3,730.09,756.41,-26.32
NZ-ORD-999,2025-09-25,Auckland,Product-30,Toys,Card Game,Marvel,1,1673.65,1403.89,269.76
NZ-ORD-1000,2025-09-26,Dunedin,Product-13,Home Decor,Miniature Statue,Holmes Brok,1,1451.5,984.78,466.72
NZ-ORD-1001,2025-09-27,Christchurch,Product-19,Clothing,Jacket,Nike,3,1907.51,1911.06,-3.55
NZ-ORD-1002,2025-09-28,Hamilton,Product-7,Home Decor,Vase,Midea,7,924.05,564.64,359.41
NZ-ORD-1003,2025-09-29,Dunedin,Product-12,Home Decor,Vase,Zhongwei,8,1573.2,1223.76,349.44
NZ-ORD-1004,2025-09-30,Christchurch,Product-1,Electronics,TV,Sony,2,274.65,287.34,-12.69
NZ-ORD-1005,2025-10-01,Hamilton,Product-12,Home Decor,Curtain,Brother,10,1982.03,2076.93,-94.9
NZ-ORD-1006,2025-10-02,Auckland,Product-5,Toys,Doll,Hasbro,8,1586.86,1481.12,105.74
NZ-ORD-1007,2025-10-03,Christchurch,Product-14,Clothing,Jacket,Nike,3,1230.22,1051.18,179.04
NZ-ORD-1008,2025-10-04,Wellington,Product-25,Home Decor,Vase,Yuzhei Wong,1,1813.41,1317.24,496.17
NZ-ORD-1009,2025-10-05,Dunedin,Product-20,Clothing,T-Shirt,Nike,7,621.01,684.37,-63.36
NZ-ORD-1010,2025-10-06,Hamilton,Product-9,Electronics,CCTV,Samsung,3,1917.99,1968.4,-50.41
NZ-ORD-1011,2025-10-07,Christchurch,Product-4,Home Decor,Vinyl Paper,Seven,4,250.56,-111.02,361.58
NZ-ORD-1012,2025-10-08,Dunedin,Product-18,Home Decor,Curtain,Rails,6,190.46,-246.05,436.51
NZ-ORD-1013,2025-10-09,Auckland,Product-4,Toys,Puzzle,Wonder World,9,1468.95,1190.72,278.23
NZ-ORD-1014,2025-10-10,Hamilton,Product-14,Books,Cartoon,Pixar,1,710.72,680.82,29.9
NZ-ORD-1015,2025-10-11,Wellington,Product-16,Electronics,DVD Player,Sony,9,973.4,743.7,229.7
NZ-ORD-1016,2025-10-12,Hamilton,Product-6,Books,Horror,Lionsgate,8,1977.82,1500.36,477.46
NZ-ORD-1017,2025-10-13,Dunedin,Product-24,Clothing,Pant,Converse,10,137.23,-4.49,141.72
NZ-ORD-1018,2025-10-14,Hamilton,Product-8,Books,Comedy,Lionsgate,7,1463.7,1301.95,161.75
NZ-ORD-1019,2025-10-15,Dunedin,Product-19,Electronics,CCTV,Samsung,2,564.77,214.52,350.25
NZ-ORD-1020,2025-10-16,Hamilton,Product-6,Books,Horror,Lionsgate,3,643.13,649.59,-6.46
NZ-ORD-1021,2025-10-17,Dunedin,Product-30,Electronics,DVD Player,Toshiba,3,1190.21,850.81,339.4
NZ-ORD-1022,2025-10-18,Christchurch,Product-14,Toys,Puzzle,Hasbro,3,1202.17,962.64,239.53
NZ-ORD-1023,2025-10-19,Christchurch,Product-18,Electronics,TV,Samsung,1,399.09,288.03,111.06
NZ-ORD-1024,2025-10-20,Wellington,Product-25,Clothing,Pant,Adidas,1,1992.45,1717.34,275.11
NZ-ORD-1025,2025-10-21,Wellington,Product-24,Books,Comedy,Universal,6,399.31,483.6,-84.29
NZ-ORD-1026,2025-10-22,Christchurch,Product-11,Clothing,Shoe,Converse,6,410.09,74.7,335.39
NZ-ORD-1027,2025-10-23,Wellington,Product-1,Electronics,Mobile Phone,Apple,10,335.38,-113.04,448.42
NZ-ORD-1028,2025-10-24,Dunedin,Product-22,Home Decor,Curtain,Kels,1,93.63,93.58,0.05
NZ-ORD-1029,2025-10-25,Auckland,Product-8,Electronics,TV,Sony,3,286.83,385.05,-98.22
NZ-ORD-1030,2025-10-26,Hamilton,Product-4,Clothing,Shoe,Converse,2,1320.61,1048.53,272.08
NZ-ORD-1031,2025-10-27,Hamilton,Product-29,Electronics,TV,Sony,2,727.29,478.82,248.47
NZ-ORD-1032,2025-10-28,Christchurch,Product-23,Electronics,DVD Player,Toshiba,4,1788.91,1745.07,43.84
NZ-ORD-1033,2025-10-29,Hamilton,Product-7,Electronics,DVD Player,Toshiba,4,592.71,640.47,-47.76
NZ-ORD-1034,2025-10-30,Christchurch,Product-11,Toys,Doll,Marvel,7,835.8,496.46,339.34
NZ-ORD-1035,2025-10-31,Auckland,Product-29,Toys,Puzzle,Wonder World,6,754.62,366.53,388.09
NZ-ORD-1036,2025-11-01,Auckland,Product-15,Books,Documentary,Universal,6,1065.82,1071.37,-5.55
NZ-ORD-1037,2025-11-02,Wellington,Product-4,Clothing,Pant,Nike,7,1502.78,1010.58,492.2
NZ-ORD-1038,2025-11-03,Christchurch,Product-5,Clothing,Shirt,New Balance,9,1191.04,1151.36,39.68
NZ-ORD-1039,2025-11-04,Wellington,Product-7,Clothing,Shoe,Nike,2,887.09,666.49,220.6
NZ-ORD-1040,2025-11-05,Auckland,Product-12,Home Decor,Curtain,Bardy,2,847.2,404.38,442.82
NZ-ORD-1041,2025-11-06,Christchurch,Product-13,Electronics,Hardisk SDD,Sandisk,5,657.87,259.74,398.13
NZ-ORD-1042,2025-11-07,Christchurch,Product-1,Clothing,T-Shirt,Puma,6,627.68,261.9,365.78
NZ-ORD-1043,2025-11-08,Wellington,Product-20,Toys,Robot,Capcom,2,314.49,328.7,-14.21
NZ-ORD-1044,2025-11-09,Christchurch,Product-19,Books,Comedy,Warner Bros,8,800.01,539.14,260.87
NZ-ORD-1045,2025-11-10,Hamilton,Product-27,Home Decor,Vase,Foshan,3,1099.77,918.49,181.28
NZ-ORD-1046,2025-11-11,Hamilton,Product-27,Books,Romance,20th Century Fox,5,1395.5,899.52,495.98
NZ-ORD-1047,2025-11-12,Dunedin,Product-26,Toys,Board Game,Marvel,10,1186.57,1157.1,29.47
NZ-ORD-1048,2025-11-13,Christchurch,Product-2,Toys,Puzzle,Marvel,3,414.47,469,-54.53
NZ-ORD-1049,2025-11-14,Hamilton,Product-9,Home Decor,Window Blind,Kels,1,288.12,-167.64,455.76
NZ-ORD-1050,2025-11-15,Dunedin,Product-5,Books,Cartoon,Pixar,1,658.95,528.95,130
NZ-ORD-1051,2025-11-16,Christchurch,Product-8,Clothing,T-Shirt,Adidas,8,1483.79,1297.7,186.09
NZ-ORD-1052,2025-11-17,Christchurch,Product-30,Books,Horror,Universal,2,420.72,394.97,25.75
NZ-ORD-1053,2025-11-18,Dunedin,Product-20,Home Decor,Curtain,Rails,3,286.99,79.51,207.48
NZ-ORD-1054,2025-11-19,Christchurch,Product-16,Books,Cartoon,Dreamworks,4,1003.27,522.22,481.05
NZ-ORD-1055,2025-11-20,Dunedin,Product-25,Toys,Board Game,Telltale,6,732.81,745.62,-12.81
NZ-ORD-1056,2025-11-21,Wellington,Product-19,Home Decor,Vinyl Paper,Seven,8,1005.69,534.2,471.49
NZ-ORD-1057,2025-11-22,Auckland,Product-26,Electronics,Hardisk SDD,Kingston,3,548.56,552.41,-3.85
NZ-ORD-1058,2025-11-23,Wellington,Product-21,Home Decor,Miniature Statue,Holmes Brok,4,1997.32,1647.32,350
NZ-ORD-1059,2025-11-24,Auckland,Product-13,Books,Cartoon,Warner Bros,6,536.2,215.24,320.96
NZ-ORD-1060,2025-11-25,Auckland,Product-3,Home Decor,Miniature Statue,Holmes Brok,8,1659.3,1683.94,-24.64
NZ-ORD-1061,2025-11-26,Auckland,Product-6,Toys,Robot,Namco,3,451.54,268.11,183.43
NZ-ORD-1062,2025-11-27,Christchurch,Product-19,Electronics,Mobile Phone,Apple,6,910.91,419.32,491.59
NZ-ORD-1063,2025-11-28,Christchurch,Product-23,Books,Cartoon,Dreamworks,5,1059.63,811.13,248.5
NZ-ORD-1064,2025-11-29,Auckland,Product-10,Electronics,DVD Player,Panasonic,4,1736.07,1438.48,297.59
NZ-ORD-1065,2025-11-30,Christchurch,Product-5,Electronics,DVD Player,Toshiba,9,1592.43,1628.16,-35.73
NZ-ORD-1066,2025-12-01,Dunedin,Product-9,Home Decor,Miniature Statue,Holmes Brok,6,1254.26,1231.13,23.13
NZ-ORD-1067,2025-12-02,Wellington,Product-28,Books,Comedy,Disney,6,1773.53,1714.05,59.48
NZ-ORD-1068,2025-12-03,Christchurch,Product-22,Home Decor,Curtain,IKEA,2,190.83,289.21,-98.38
NZ-ORD-1069,2025-12-04,Dunedin,Product-13,Books,Horror,Lionsgate,4,1103.56,848.72,254.84
NZ-ORD-1070,2025-12-05,Wellington,Product-5,Books,Documentary,Discovery,1,303.25,402.25,-99
NZ-ORD-1071,2025-12-06,Auckland,Product-14,Books,Comedy,Lionsgate,4,802.48,662.55,139.93
NZ-ORD-1072,2025-12-07,Christchurch,Product-13,Toys,Board Game,Hasbro,10,767.12,416.4,350.72
NZ-ORD-1073,2025-12-08,Wellington,Product-11,Toys,Robot,Konami,3,544.79,559.31,-14.52
NZ-ORD-1074,2025-12-09,Auckland,Product-23,Toys,Board Game,Century,1,1984.12,2043.75,-59.63
NZ-ORD-1075,2025-12-10,Auckland,Product-12,Clothing,Shoe,Puma,9,919.85,553.06,366.79
NZ-ORD-1076,2025-12-11,Christchurch,Product-1,Toys,Puzzle,Marvel,7,279.11,82.48,196.63
NZ-ORD-1077,2025-12-12,Hamilton,Product-24,Toys,Puzzle,Wonder World,6,783.84,436.64,347.2
NZ-ORD-1078,2025-12-13,Auckland,Product-6,Electronics,Hardisk SDD,Sandisk,10,671.73,725.41,-53.68
NZ-ORD-1079,2025-12-14,Christchurch,Product-10,Clothing,Pant,Puma,3,372.08,168.43,203.65
NZ-ORD-1080,2025-12-15,Hamilton,Product-27,Books,Cartoon,Disney,5,491.1,197.46,293.64
NZ-ORD-1081,2025-12-16,Dunedin,Product-15,Toys,Robot,Namco,8,1755.68,1789.72,-34.04
NZ-ORD-1082,2025-12-17,Auckland,Product-20,Electronics,Hardisk SDD,Sandisk,8,392.7,36.21,356.49
NZ-ORD-1083,2025-12-18,Christchurch,Product-18,Electronics,Mobile Phone,Oppo,9,1823.55,1840.26,-16.71
NZ-ORD-1084,2025-12-19,Wellington,Product-14,Electronics,TV,Sony,10,1949.15,1752.95,196.2
NZ-ORD-1085,2025-12-20,Christchurch,Product-24,Home Decor,Miniature Statue,Baurdani,10,42.87,126.13,-83.26
NZ-ORD-1086,2025-12-21,Hamilton,Product-28,Books,Documentary,Discovery,1,493.53,8.41,485.12
NZ-ORD-1087,2025-12-22,Dunedin,Product-30,Books,Comedy,20th Century Fox,9,964.14,550.82,413.32
NZ-ORD-1088,2025-12-23,Auckland,Product-28,Electronics,TV,Panasonic,1,585.67,543.87,41.8
NZ-ORD-1089,2025-12-24,Christchurch,Product-27,Home Decor,Curtain,Rails,3,1104.94,1157.83,-52.89
NZ-ORD-1090,2025-12-25,Dunedin,Product-6,Home Decor,Miniature Statue,Baurdani,9,350.04,171.63,178.41
NZ-ORD-1091,2025-12-26,Christchurch,Product-21,Home Decor,Curtain,Brother,8,815.94,707.74,108.2
NZ-ORD-1092,2025-12-27,Wellington,Product-9,Clothing,Shirt,Puma,10,523.16,418.78,104.38
NZ-ORD-1093,2025-12-28,Dunedin,Product-14,Home Decor,Vinyl Paper,Level Up,1,1211.38,1151.54,59.84
NZ-ORD-1094,2025-12-29,Dunedin,Product-14,Toys,Board Game,Telltale,4,459.3,17.69,441.61
NZ-ORD-1095,2025-12-30,Christchurch,Product-9,Toys,Doll,Barbie,2,1607.35,1384.45,222.9
NZ-ORD-1096,2025-12-31,Christchurch,Product-30,Home Decor,Window Blind,Bardy,7,743.86,567.11,176.75
NZ-ORD-1097,2026-01-01,Dunedin,Product-18,Books,Horror,Universal,4,853.89,608.47,245.42
NZ-ORD-1098,2026-01-02,Christchurch,Product-11,Toys,Robot,Sega,7,1277.46,794.27,483.19
NZ-ORD-1099,2026-01-03,Christchurch,Product-26,Electronics,DVD Player,Toshiba,8,1638.81,1314.96,323.85
NZ-ORD-1100,2026-01-04,Christchurch,Product-4,Books,Romance,Warner Bros,10,1060.38,600.06,460.32
NZ-ORD-1101,2026-01-05,Dunedin,Product-22,Toys,Board Game,Telltale,9,1997.99,1877.52,120.47
NZ-ORD-1102,2026-01-06,Auckland,Product-21,Home Decor,Vase,IKEA,3,870.55,634.52,236.03
NZ-ORD-1103,2026-01-07,Wellington,Product-5,Toys,Doll,Lego,2,898.73,890.92,7.81
NZ-ORD-1104,2026-01-08,Auckland,Product-20,Home Decor,Curtain,IKEA,7,1618.67,1363.8,254.87
NZ-ORD-1105,2026-01-09,Auckland,Product-21,Clothing,Pant,Nike,6,1606.49,1223.5,382.99
NZ-ORD-1106,2026-01-10,Hamilton,Product-12,Clothing,Pant,Converse,5,999.93,1090.76,-90.83
NZ-ORD-1107,2026-01-11,Hamilton,Product-8,Electronics,Mobile Phone,Oppo,6,1227.48,906.35,321.13
NZ-ORD-1108,2026-01-12,Hamilton,Product-2,Books,Documentary,Warner Bros,5,264.35,291.74,-27.39
NZ-ORD-1109,2026-01-13,Dunedin,Product-20,Toys,Card Game,Telltale,1,443.82,-27.61,471.43
NZ-ORD-1110,2026-01-14,Dunedin,Product-26,Clothing,Jacket,Adidas,2,807.46,512.93,294.53
NZ-ORD-1111,2026-01-15,Christchurch,Product-1,Clothing,T-Shirt,Adidas,2,383.17,280.66,102.51
NZ-ORD-1112,2026-01-16,Dunedin,Product-24,Books,Comedy,Disney,1,1980.09,1658.15,321.94
NZ-ORD-1113,2026-01-17,Dunedin,Product-30,Toys,Board Game,Telltale,6,1210.43,1141.64,68.79
NZ-ORD-1114,2026-01-18,Hamilton,Product-2,Clothing,T-Shirt,Adidas,9,1771.11,1430.9,340.21
NZ-ORD-1115,2026-01-19,Auckland,Product-10,Books,Documentary,National Geographic,9,220.96,-58.93,279.89
NZ-ORD-1116,2026-01-20,Wellington,Product-6,Electronics,TV,Xiaomi,5,1189.72,1109.01,80.71
NZ-ORD-1117,2026-01-21,Auckland,Product-18,Books,Documentary,20th Century Fox,1,859.62,561.61,298.01
NZ-ORD-1118,2026-01-22,Hamilton,Product-20,Home Decor,Miniature Statue,Holmes Brok,4,1554.57,1355.18,199.39
NZ-ORD-1119,2026-01-23,Wellington,Product-4,Toys,Board Game,Telltale,10,728.83,472.99,255.84
NZ-ORD-1120,2026-01-24,Wellington,Product-27,Home Decor,Curtain,Brother,3,351.5,3.27,348.23
NZ-ORD-1121,2026-01-25,Christchurch,Product-3,Books,Cartoon,Pixar,9,132.98,67.6,65.38
NZ-ORD-1122,2026-01-26,Wellington,Product-6,Books,Horror,Universal,2,1571.15,1600.21,-29.06
NZ-ORD-1123,2026-01-27,Christchurch,Product-12,Clothing,Jacket,Converse,6,398.8,-46.65,445.45
NZ-ORD-1124,2026-01-28,Wellington,Product-10,Toys,Board Game,Exploding,2,1047.89,1108.98,-61.09
NZ-ORD-1125,2026-01-29,Hamilton,Product-15,Home Decor,Miniature Statue,Oates,1,1673.51,1450.91,222.6
NZ-ORD-1126,2026-01-30,Auckland,Product-16,Electronics,DVD Player,Samsung,4,1742.76,1787.86,-45.1
NZ-ORD-1127,2026-01-31,Dunedin,Product-14,Electronics,CCTV,Xiaomi,1,180.19,-29.87,210.06
NZ-ORD-1128,2026-02-01,Dunedin,Product-29,Toys,Doll,Hasbro,3,345.47,-93.83,439.3
NZ-ORD-1129,2026-02-02,Hamilton,Product-19,Books,Documentary,National Geographic,1,502.93,439.39,63.54
NZ-ORD-1130,2026-02-03,Hamilton,Product-25,Clothing,Pant,Puma,8,514.24,198.75,315.49
NZ-ORD-1131,2026-02-04,Dunedin,Product-4,Clothing,Shoe,Puma,3,1475.44,1571.43,-95.99
NZ-ORD-1132,2026-02-05,Hamilton,Product-6,Clothing,T-Shirt,Puma,6,660.27,337.21,323.06
NZ-ORD-1133,2026-02-06,Dunedin,Product-16,Clothing,Pant,Nike,1,1665,1537.83,127.17
NZ-ORD-1134,2026-02-07,Auckland,Product-29,Home Decor,Vase,IKEA,8,550.9,236.73,314.17
NZ-ORD-1135,2026-02-08,Dunedin,Product-3,Toys,Robot,Bandai,3,1495.34,1589.8,-94.46
NZ-ORD-1136,2026-02-09,Christchurch,Product-1,Electronics,Mobile Phone,Vivo,5,130.22,-114.5,244.72
NZ-ORD-1137,2026-02-10,Dunedin,Product-27,Toys,Board Game,Hasbro,2,617.45,713.56,-96.11
NZ-ORD-1138,2026-02-11,Auckland,Product-15,Home Decor,Curtain,IKEA,2,109.35,-214.6,323.95
NZ-ORD-1139,2026-02-12,Wellington,Product-11,Toys,Doll,Barbie,9,1828.11,1545.49,282.62
NZ-ORD-1140,2026-02-13,Hamilton,Product-10,Books,Documentary,Universal,1,459.15,-0.69,459.84
NZ-ORD-1141,2026-02-14,Dunedin,Product-2,Toys,Card Game,Dungeons,2,945.9,998.55,-52.65
NZ-ORD-1142,2026-02-15,Auckland,Product-24,Toys,Puzzle,Wonder World,9,1035,1042.36,-7.36
NZ-ORD-1143,2026-02-16,Wellington,Product-20,Toys,Card Game,Marvel,9,1556.84,1183.26,373.58
NZ-ORD-1144,2026-02-17,Auckland,Product-29,Electronics,Mobile Phone,Apple,2,1519.93,1282.22,237.71
NZ-ORD-1145,2026-02-18,Auckland,Product-25,Electronics,DVD Player,Toshiba,5,30.13,-210.47,240.6
NZ-ORD-1146,2026-02-19,Hamilton,Product-11,Home Decor,Window Blind,Kels,6,1162.8,992.01,170.79
NZ-ORD-1147,2026-02-20,Wellington,Product-25,Electronics,DVD Player,Sony,3,1810.9,1745.2,65.7
NZ-ORD-1148,2026-02-21,Christchurch,Product-5,Clothing,Jacket,Nike,7,1944.12,1551.76,392.36
NZ-ORD-1149,2026-02-22,Hamilton,Product-29,Toys,Puzzle,Wonder World,4,168.98,230.76,-61.78
NZ-ORD-1150,2026-02-23,Wellington,Product-6,Toys,Board Game,Exploding,6,1531.04,1301.28,229.76
NZ-ORD-1151,2026-02-24,Christchurch,Product-10,Electronics,Hardisk SDD,Samsung,4,147.18,159.28,-12.1
NZ-ORD-1152,2026-02-25,Dunedin,Product-9,Clothing,Shirt,Adidas,6,210.7,-107.47,318.17
NZ-ORD-1153,2026-02-26,Auckland,Product-18,Toys,Robot,Bandai,10,1480.5,1418.37,62.13
NZ-ORD-1154,2026-02-27,Hamilton,Product-17,Home Decor,Window Blind,Rails,5,1207.96,1139.77,68.19
NZ-ORD-1155,2026-02-28,Dunedin,Product-25,Toys,Board Game,Marvel,10,613.39,554.75,58.64
NZ-ORD-1156,2026-03-01,Christchurch,Product-28,Clothing,Shoe,Nike,10,460.67,437.89,22.78
NZ-ORD-1157,2026-03-02,Hamilton,Product-7,Home Decor,Vinyl Paper,Seiko,6,797.79,633.66,164.13
NZ-ORD-1158,2026-03-03,Christchurch,Product-17,Home Decor,Vase,Midea,10,277.91,5.99,271.92
NZ-ORD-1159,2026-03-04,Hamilton,Product-17,Toys,Robot,Bandai,4,288.22,-176.75,464.97
NZ-ORD-1160,2026-03-05,Wellington,Product-2,Toys,Board Game,Exploding,8,796.3,856.09,-59.79
NZ-ORD-1161,2026-03-06,Christchurch,Product-9,Electronics,TV,Panasonic,4,1207.97,814.2,393.77
NZ-ORD-1162,2026-03-07,Christchurch,Product-6,Home Decor,Vinyl Paper,Kenko,5,1752.17,1298.4,453.77
NZ-ORD-1163,2026-03-08,Hamilton,Product-25,Home Decor,Vase,Midea,7,163.22,-71.9,235.12
NZ-ORD-1164,2026-03-09,Auckland,Product-29,Clothing,T-Shirt,Adidas,10,776.54,295.12,481.42
NZ-ORD-1165,2026-03-10,Auckland,Product-7,Books,Cartoon,Disney,5,1932.83,1988.16,-55.33
NZ-ORD-1166,2026-03-11,Dunedin,Product-24,Toys,Doll,Marvel,10,1005.44,920.62,84.82
NZ-ORD-1167,2026-03-12,Auckland,Product-6,Home Decor,Curtain,Kels,4,1911.08,1943.76,-32.68
NZ-ORD-1168,2026-03-13,Christchurch,Product-29,Books,Documentary,National Geographic,6,324.28,268.3,55.98
NZ-ORD-1169,2026-03-14,Wellington,Product-20,Books,Cartoon,Pixar,1,148.19,136.23,11.96
NZ-ORD-1170,2026-03-15,Auckland,Product-9,Clothing,Shirt,New Balance,1,301.99,378.2,-76.21
NZ-ORD-1171,2026-03-16,Christchurch,Product-3,Toys,Card Game,Hasbro,10,669.17,388.4,280.77
NZ-ORD-1172,2026-03-17,Dunedin,Product-23,Clothing,Shoe,Adidas,6,578.18,329.99,248.19
NZ-ORD-1173,2026-03-18,Auckland,Product-11,Clothing,Shoe,Puma,1,1837.59,1531.42,306.17
NZ-ORD-1174,2026-03-19,Wellington,Product-10,Home Decor,Curtain,Kels,9,1611.82,1631.25,-19.43
NZ-ORD-1175,2026-03-20,Wellington,Product-22,Toys,Robot,Bandai,3,1647.83,1526.25,121.58
NZ-ORD-1176,2026-03-21,Dunedin,Product-28,Toys,Puzzle,Hasbro,9,1825.57,1533.13,292.44
NZ-ORD-1177,2026-03-22,Hamilton,Product-16,Toys,Card Game,Telltale,10,197.87,241.47,-43.6
NZ-ORD-1178,2026-03-23,Christchurch,Product-4,Electronics,CCTV,Huawei,8,1251.27,1032.31,218.96
NZ-ORD-1179,2026-03-24,Wellington,Product-16,Clothing,Jacket,Converse,9,564.36,390.25,174.11
NZ-ORD-1180,2026-03-25,Hamilton,Product-15,Books,Horror,Warner Bros,3,1870.65,1692.24,178.41
NZ-ORD-1181,2026-03-26,Auckland,Product-27,Electronics,CCTV,Sony,5,1140.91,1032.27,108.64
NZ-ORD-1182,2026-03-27,Auckland,Product-16,Books,Horror,Universal,8,1126.33,1079.21,47.12
NZ-ORD-1183,2026-03-28,Christchurch,Product-24,Toys,Doll,Marvel,9,241.41,-1.39,242.8
NZ-ORD-1184,2026-03-29,Hamilton,Product-22,Books,Documentary,Warner Bros,2,1148.04,695.73,452.31
NZ-ORD-1185,2026-03-30,Christchurch,Product-2,Books,Horror,20th Century Fox,3,734.39,321.23,413.16
NZ-ORD-1186,2026-03-31,Christchurch,Product-1,Electronics,Mobile Phone,Apple,3,1057.69,1051.83,5.86
NZ-ORD-1187,2026-04-01,Auckland,Product-20,Electronics,TV,Panasonic,3,1658.4,1282.52,375.88
NZ-ORD-1188,2026-04-02,Wellington,Product-4,Electronics,Mobile Phone,Vivo,4,1158.01,904.15,253.86
NZ-ORD-1189,2026-04-03,Dunedin,Product-16,Clothing,Shirt,Nike,3,887.32,901.16,-13.84
NZ-ORD-1190,2026-04-04,Wellington,Product-19,Clothing,Shoe,Nike,9,1394.59,931.7,462.89
NZ-ORD-1191,2026-04-05,Auckland,Product-1,Toys,Doll,Marvel,2,869.76,438.52,431.24
NZ-ORD-1192,2026-04-06,Dunedin,Product-3,Toys,Doll,Marvel,4,1518.2,1285.57,232.63
NZ-ORD-1193,2026-04-07,Dunedin,Product-10,Books,Comedy,Disney,5,592.46,532.9,59.56
NZ-ORD-1194,2026-04-08,Hamilton,Product-27,Toys,Robot,Konami,1,1740.22,1614.3,125.92
NZ-ORD-1195,2026-04-09,Wellington,Product-6,Clothing,T-Shirt,Puma,6,693.84,338.21,355.63
NZ-ORD-1196,2026-04-10,Hamilton,Product-13,Electronics,TV,Panasonic,5,855.45,505.3,350.15
NZ-ORD-1197,2026-04-11,Christchurch,Product-23,Electronics,DVD Player,Changhong,1,76.68,136.84,-60.16
NZ-ORD-1198,2026-04-12,Wellington,Product-11,Books,Cartoon,Nickelodeon,5,1120.41,927.77,192.64
NZ-ORD-1199,2026-04-13,Hamilton,Product-24,Books,Comedy,Warner Bros,4,1591.33,1656.56,-65.23
NZ-ORD-1200,2026-04-14,Christchurch,Product-7,Home Decor,Curtain,IKEA,2,634.69,487.97,146.72
NZ-ORD-1201,2026-04-15,Hamilton,Product-28,Electronics,CCTV,Sony,2,790.58,474.77,315.81
NZ-ORD-1202,2026-04-16,Hamilton,Product-28,Electronics,Mobile Phone,Huawei,10,425.84,49.14,376.7
NZ-ORD-1203,2026-04-17,Dunedin,Product-1,Electronics,TV,Panasonic,3,760.65,542.55,218.1
NZ-ORD-1204,2026-04-18,Wellington,Product-22,Electronics,CCTV,Samsung,5,132.24,179.49,-47.25
NZ-ORD-1205,2026-04-19,Christchurch,Product-14,Electronics,DVD Player,Changhong,3,1504.53,1348.03,156.5
NZ-ORD-1206,2026-04-20,Christchurch,Product-28,Toys,Doll,Lego,7,1704.73,1740.38,-35.65
NZ-ORD-1207,2026-04-21,Hamilton,Product-9,Books,Documentary,Universal,5,90.84,3.9,86.94
NZ-ORD-1208,2026-04-22,Dunedin,Product-6,Toys,Board Game,Exploding,2,168.41,187.25,-18.84
NZ-ORD-1209,2026-04-23,Auckland,Product-3,Books,Romance,Lionsgate,4,1616.66,1679.49,-62.83
NZ-ORD-1210,2026-04-24,Hamilton,Product-30,Clothing,Pant,Converse,8,958.6,951.56,7.04
NZ-ORD-1211,2026-04-25,Auckland,Product-28,Toys,Robot,Capcom,7,1352.81,1149.17,203.64
NZ-ORD-1212,2026-04-26,Hamilton,Product-12,Electronics,CCTV,Samsung,9,1849.53,1363.28,486.25
NZ-ORD-1213,2026-04-27,Hamilton,Product-9,Home Decor,Curtain,Brother,5,1308.82,887.8,421.02
NZ-ORD-1214,2026-04-28,Auckland,Product-8,Toys,Board Game,Telltale,9,71.7,-300.75,372.45
NZ-ORD-1215,2026-04-29,Wellington,Product-7,Books,Cartoon,Warner Bros,5,648.8,385.31,263.49
NZ-ORD-1216,2026-04-30,Wellington,Product-12,Clothing,Shirt,Puma,3,1689.34,1680.46,8.88
NZ-ORD-1217,2026-05-01,Auckland,Product-30,Electronics,DVD Player,Sony,2,176.38,-21.2,197.58
NZ-ORD-1218,2026-05-02,Hamilton,Product-12,Electronics,DVD Player,Changhong,10,457.96,134.02,323.94
NZ-ORD-1219,2026-05-03,Auckland,Product-19,Clothing,Shirt,New Balance,5,1478.04,1112.86,365.18
NZ-ORD-1220,2026-05-04,Auckland,Product-17,Clothing,T-Shirt,New Balance,4,428.19,359.15,69.04
NZ-ORD-1221,2026-05-05,Hamilton,Product-8,Home Decor,Miniature Statue,Baurdani,9,1191.17,990.19,200.98
NZ-ORD-1222,2026-05-06,Auckland,Product-30,Home Decor,Curtain,Brother,5,1182,782.39,399.61
NZ-ORD-1223,2026-05-07,Auckland,Product-30,Toys,Puzzle,Telltale,6,1004.11,714.34,289.77
NZ-ORD-1224,2026-05-08,Wellington,Product-24,Books,Documentary,Universal,9,166.78,-72.12,238.9
NZ-ORD-1225,2026-05-09,Hamilton,Product-22,Electronics,Hardisk SDD,Seagate,7,52.99,-254.27,307.26
NZ-ORD-1226,2026-05-10,Hamilton,Product-14,Clothing,Jacket,Nike,5,1748.84,1837.65,-88.81
NZ-ORD-1227,2026-05-11,Hamilton,Product-6,Home Decor,Vase,Midea,4,1841.49,1607.79,233.7
NZ-ORD-1228,2026-05-12,Dunedin,Product-6,Home Decor,Curtain,Brother,5,1143.12,1167.19,-24.07
NZ-ORD-1229,2026-05-13,Hamilton,Product-3,Toys,Board Game,Exploding,4,79.64,-259.91,339.55
NZ-ORD-1230,2026-05-14,Auckland,Product-1,Books,Romance,Warner Bros,10,1188.73,1253.6,-64.87
NZ-ORD-1231,2026-05-15,Dunedin,Product-8,Books,Comedy,Warner Bros,1,220.53,70.25,150.28
NZ-ORD-1232,2026-05-16,Dunedin,Product-21,Home Decor,Window Blind,Rails,8,1429.31,1317.32,111.99
NZ-ORD-1233,2026-05-17,Christchurch,Product-27,Home Decor,Miniature Statue,Holmes Brok,4,626.22,620.63,5.59
NZ-ORD-1234,2026-05-18,Christchurch,Product-2,Books,Horror,Universal,3,1531.41,1622.3,-90.89
NZ-ORD-1235,2026-05-19,Auckland,Product-28,Clothing,Shoe,Converse,4,555.85,477.92,77.93
NZ-ORD-1236,2026-05-20,Wellington,Product-14,Electronics,Hardisk SDD,Toshiba,7,1680.09,1477.99,202.1
NZ-ORD-1237,2026-05-21,Christchurch,Product-3,Home Decor,Vinyl Paper,Level Up,1,1111.23,973.8,137.43
NZ-ORD-1238,2026-05-22,Auckland,Product-14,Books,Comedy,Disney,5,1805.63,1782.6,23.03
NZ-ORD-1239,2026-05-23,Hamilton,Product-21,Toys,Puzzle,Hasbro,10,1173.35,823.39,349.96
NZ-ORD-1240,2026-05-24,Dunedin,Product-15,Clothing,Pant,Converse,4,416.36,361.06,55.3
NZ-ORD-1241,2026-05-25,Hamilton,Product-10,Books,Documentary,Warner Bros,8,231.81,240.1,-8.29
NZ-ORD-1242,2026-05-26,Wellington,Product-19,Toys,Puzzle,Hasbro,7,332.24,274.18,58.06
NZ-ORD-1243,2026-05-27,Christchurch,Product-24,Books,Horror,Bloom House,5,387.81,-74.49,462.3
NZ-ORD-1244,2026-05-28,Christchurch,Product-24,Toys,Board Game,Exploding,7,211.12,285.83,-74.71
NZ-ORD-1245,2026-05-29,Hamilton,Product-16,Books,Horror,Warner Bros,4,516.94,575.66,-58.72
NZ-ORD-1246,2026-05-30,Christchurch,Product-3,Books,Horror,Lionsgate,7,718.91,236.45,482.46
NZ-ORD-1247,2026-05-31,Christchurch,Product-22,Clothing,T-Shirt,Converse,7,1750.42,1303.82,446.6
NZ-ORD-1248,2026-06-01,Auckland,Product-16,Clothing,Shoe,Nike,7,275.42,73.47,201.95
NZ-ORD-1249,2026-06-02,Wellington,Product-17,Toys,Robot,Namco,4,1248.61,1245.55,3.06
NZ-ORD-1250,2026-06-03,Wellington,Product-3,Books,Comedy,20th Century Fox,2,1207.67,1234.89,-27.22
NZ-ORD-1251,2026-06-04,Hamilton,Product-5,Home Decor,Curtain,Kels,1,945.39,605.17,340.22
NZ-ORD-1252,2026-06-05,Christchurch,Product-14,Toys,Card Game,Dungeons,1,508.97,53.99,454.98
NZ-ORD-1253,2026-06-06,Wellington,Product-27,Electronics,CCTV,Samsung,9,405.92,421.35,-15.43
NZ-ORD-1254,2026-06-07,Hamilton,Product-11,Toys,Puzzle,Hasbro,7,390.58,22.46,368.12
NZ-ORD-1255,2026-06-08,Christchurch,Product-27,Clothing,Jacket,New Balance,2,1950.07,1653.63,296.44
NZ-ORD-1256,2026-06-09,Christchurch,Product-23,Clothing,Shoe,Puma,2,584.71,166.28,418.43
NZ-ORD-1257,2026-06-10,Hamilton,Product-4,Books,Horror,Bloom House,6,377.69,435.19,-57.5
NZ-ORD-1258,2026-06-11,Hamilton,Product-18,Toys,Robot,Konami,6,1049.49,854.18,195.31
NZ-ORD-1259,2026-06-12,Dunedin,Product-6,Toys,Card Game,Marvel,1,680.07,399.52,280.55
NZ-ORD-1260,2026-06-13,Auckland,Product-7,Clothing,Jacket,Puma,10,1591.74,1186.59,405.15
NZ-ORD-1261,2026-06-14,Hamilton,Product-24,Toys,Card Game,Marvel,8,1811.99,1594,217.99
NZ-ORD-1262,2026-06-15,Wellington,Product-30,Electronics,Hardisk SDD,Seagate,1,1202.14,1086.1,116.04
NZ-ORD-1263,2026-06-16,Dunedin,Product-15,Electronics,Hardisk SDD,Samsung,9,539.45,538.26,1.19
NZ-ORD-1264,2026-06-17,Auckland,Product-19,Books,Romance,Disney,6,1559,1191.67,367.33
NZ-ORD-1265,2026-06-18,Wellington,Product-6,Clothing,Shirt,Adidas,1,970.11,808.37,161.74
NZ-ORD-1266,2026-06-19,Christchurch,Product-1,Toys,Puzzle,Hasbro,5,1574.24,1559.04,15.2
NZ-ORD-1267,2026-06-20,Wellington,Product-18,Books,Comedy,Lionsgate,7,1977.61,1492.03,485.58
NZ-ORD-1268,2026-06-21,Auckland,Product-4,Clothing,Shirt,Puma,9,799.1,826.71,-27.61
NZ-ORD-1269,2026-06-22,Wellington,Product-9,Books,Horror,Universal,7,179.24,-22.09,201.33
NZ-ORD-1270,2026-06-23,Wellington,Product-13,Clothing,Shoe,New Balance,2,117.13,-295.21,412.34
NZ-ORD-1271,2026-06-24,Dunedin,Product-23,Home Decor,Vinyl Paper,Kenko,6,1921.58,1908.52,13.06
NZ-ORD-1272,2026-06-25,Wellington,Product-14,Clothing,Shirt,Adidas,2,623.35,265.15,358.2
NZ-ORD-1273,2026-06-26,Wellington,Product-21,Electronics,Mobile Phone,Oppo,5,1122.53,981.53,141
NZ-ORD-1274,2026-06-27,Dunedin,Product-7,Books,Comedy,Universal,4,756.75,389.56,367.19
NZ-ORD-1275,2026-06-28,Hamilton,Product-8,Electronics,TV,Xiaomi,9,353,-17.22,370.22
NZ-ORD-1276,2026-06-29,Christchurch,Product-17,Books,Cartoon,Dreamworks,2,1856.13,1941.57,-85.44
NZ-ORD-1277,2026-06-30,Wellington,Product-1,Clothing,T-Shirt,Nike,5,1373.94,1068.27,305.67
NZ-ORD-1278,2026-07-01,Christchurch,Product-20,Toys,Card Game,Hasbro,3,579.67,509.82,69.85
NZ-ORD-1279,2026-07-02,Dunedin,Product-3,Toys,Board Game,Marvel,3,1241.92,1264.9,-22.98
NZ-ORD-1280,2026-07-03,Dunedin,Product-21,Toys,Card Game,Dungeons,9,1024.02,611.43,412.59
NZ-ORD-1281,2026-07-04,Wellington,Product-19,Home Decor,Vase,Yuzhei Wong,1,1126.35,930.46,195.89
NZ-ORD-1282,2026-07-05,Dunedin,Product-11,Books,Romance,20th Century Fox,4,1605.65,1650.15,-44.5
NZ-ORD-1283,2026-07-06,Auckland,Product-21,Clothing,Pant,New Balance,7,1064.2,836.28,227.92
NZ-ORD-1284,2026-07-07,Hamilton,Product-18,Clothing,T-Shirt,Converse,9,1911.95,1531.79,380.16
NZ-ORD-1285,2026-07-08,Dunedin,Product-11,Books,Documentary,Warner Bros,9,1679.11,1275.74,403.37
NZ-ORD-1286,2026-07-09,Auckland,Product-24,Electronics,DVD Player,Toshiba,7,1465.67,1252.11,213.56
NZ-ORD-1287,2026-07-10,Auckland,Product-14,Electronics,Mobile Phone,Oppo,1,1779.57,1733.5,46.07
NZ-ORD-1288,2026-07-11,Auckland,Product-12,Books,Documentary,National Geographic,9,358.08,87.53,270.55
NZ-ORD-1289,2026-07-12,Hamilton,Product-27,Books,Romance,Warner Bros,1,1294.82,1237.59,57.23
NZ-ORD-1290,2026-07-13,Christchurch,Product-1,Toys,Robot,Namco,10,514.55,155.28,359.27
NZ-ORD-1291,2026-07-14,Auckland,Product-27,Books,Cartoon,Disney,8,386.9,65.41,321.49
NZ-ORD-1292,2026-07-15,Christchurch,Product-5,Home Decor,Miniature Statue,Baurdani,3,1038.64,994.31,44.33
NZ-ORD-1293,2026-07-16,Christchurch,Product-21,Clothing,T-Shirt,Converse,2,1208.77,932.48,276.29
NZ-ORD-1294,2026-07-17,Dunedin,Product-4,Home Decor,Miniature Statue,Bucchari,1,1268.18,1154.78,113.4
NZ-ORD-1295,2026-07-18,Hamilton,Product-16,Electronics,CCTV,Huawei,10,1733.36,1352.8,380.56
NZ-ORD-1296,2026-07-19,Wellington,Product-30,Clothing,Shirt,Adidas,4,759.39,417.42,341.97
NZ-ORD-1297,2026-07-20,Auckland,Product-6,Clothing,Pant,Nike,6,174.14,-322.06,496.2
NZ-ORD-1298,2026-07-21,Auckland,Product-5,Electronics,TV,Xiaomi,1,105.56,-96.48,202.04
NZ-ORD-1299,2026-07-22,Hamilton,Product-18,Clothing,T-Shirt,Puma,7,1752.72,1756.41,-3.69
NZ-ORD-1300,2026-07-23,Christchurch,Product-18,Home Decor,Vinyl Paper,Joyko,6,140.25,-258.38,398.63
NZ-ORD-1301,2026-07-24,Christchurch,Product-2,Clothing,Pant,Converse,2,1177.32,946.12,231.2
NZ-ORD-1302,2026-07-25,Hamilton,Product-24,Clothing,T-Shirt,Nike,7,641.17,162.35,478.82
NZ-ORD-1303,2026-07-26,Dunedin,Product-23,Toys,Card Game,Telltale,9,869.96,564.17,305.79
NZ-ORD-1304,2026-07-27,Auckland,Product-24,Clothing,Shoe,Converse,2,1002.61,1073.1,-70.49
NZ-ORD-1305,2026-07-28,Dunedin,Product-16,Electronics,DVD Player,Panasonic,10,1285.45,1357.12,-71.67
NZ-ORD-1306,2026-07-29,Hamilton,Product-16,Electronics,DVD Player,Toshiba,9,1834.07,1466.77,367.3
NZ-ORD-1307,2026-07-30,Hamilton,Product-26,Electronics,TV,Panasonic,1,145.49,49.87,95.62
NZ-ORD-1308,2026-07-31,Wellington,Product-6,Toys,Puzzle,Telltale,5,422.94,504.65,-81.71
NZ-ORD-1309,2026-08-01,Hamilton,Product-3,Electronics,Hardisk SDD,Toshiba,6,994.88,496.58,498.3
NZ-ORD-1310,2026-08-02,Christchurch,Product-12,Books,Horror,20th Century Fox,6,612.73,289.57,323.16
NZ-ORD-1311,2026-08-03,Dunedin,Product-8,Books,Cartoon,Pixar,7,518.81,429.92,88.89
NZ-ORD-1312,2026-08-04,Hamilton,Product-7,Clothing,Jacket,New Balance,5,599.58,404.33,195.25
NZ-ORD-1313,2026-08-05,Christchurch,Product-25,Clothing,T-Shirt,Puma,10,1735.29,1678.76,56.53
NZ-ORD-1314,2026-08-06,Wellington,Product-30,Books,Romance,20th Century Fox,8,837.86,750.64,87.22
NZ-ORD-1315,2026-08-07,Dunedin,Product-6,Books,Cartoon,Dreamworks,7,984.38,577.45,406.93
NZ-ORD-1316,2026-08-08,Wellington,Product-11,Electronics,CCTV,Xiaomi,6,1434.81,1031.73,403.08
NZ-ORD-1317,2026-08-09,Hamilton,Product-10,Clothing,T-Shirt,Adidas,8,1860.57,1567.58,292.99
NZ-ORD-1318,2026-08-10,Hamilton,Product-1,Toys,Board Game,Exploding,1,443.97,537.61,-93.64
NZ-ORD-1319,2026-08-11,Christchurch,Product-18,Books,Romance,Universal,5,186.37,-230.43,416.8
NZ-ORD-1320,2026-08-12,Dunedin,Product-15,Books,Cartoon,Disney,10,502.74,411.05,91.69
NZ-ORD-1321,2026-08-13,Christchurch,Product-17,Toys,Card Game,Marvel,4,1608.71,1139.06,469.65
NZ-ORD-1322,2026-08-14,Christchurch,Product-26,Electronics,DVD Player,Panasonic,5,1840.99,1693.08,147.91
NZ-ORD-1323,2026-08-15,Christchurch,Product-6,Clothing,Jacket,Nike,8,1471.36,1189.29,282.07
NZ-ORD-1324,2026-08-16,Wellington,Product-15,Books,Comedy,Disney,10,1520.74,1509.72,11.02
NZ-ORD-1325,2026-08-17,Wellington,Product-18,Books,Romance,Lionsgate,3,230.81,254.22,-23.41
NZ-ORD-1326,2026-08-18,Hamilton,Product-25,Electronics,CCTV,Huawei,7,1808.38,1722.19,86.19
NZ-ORD-1327,2026-08-19,Wellington,Product-29,Clothing,T-Shirt,Converse,5,368.43,-19.71,388.14
NZ-ORD-1328,2026-08-20,Dunedin,Product-3,Toys,Robot,Namco,5,547.85,93.84,454.01
NZ-ORD-1329,2026-08-21,Wellington,Product-11,Electronics,Hardisk SDD,Sandisk,9,1836.18,1754.05,82.13
NZ-ORD-1330,2026-08-22,Hamilton,Product-25,Electronics,CCTV,Samsung,7,437.55,127.87,309.68
NZ-ORD-1331,2026-08-23,Wellington,Product-9,Home Decor,Vinyl Paper,Seiko,8,461.38,525.39,-64.01
NZ-ORD-1332,2026-08-24,Auckland,Product-1,Toys,Puzzle,Wonder World,10,326.72,167.67,159.05
NZ-ORD-1333,2026-08-25,Auckland,Product-4,Home Decor,Vase,Midea,1,1882.13,1650.32,231.81
NZ-ORD-1334,2026-08-26,Wellington,Product-28,Books,Comedy,20th Century Fox,9,488.88,397.53,91.35
NZ-ORD-1335,2026-08-27,Auckland,Product-24,Home Decor,Curtain,Brother,10,1407.81,1142.93,264.88
NZ-ORD-1336,2026-08-28,Dunedin,Product-2,Books,Cartoon,Warner Bros,1,915.85,755.41,160.44
NZ-ORD-1337,2026-08-29,Auckland,Product-23,Books,Romance,Lionsgate,8,1260.31,1346.79,-86.48
NZ-ORD-1338,2026-08-30,Christchurch,Product-13,Home Decor,Vinyl Paper,Seven,6,1973.42,1904.42,69
NZ-ORD-1339,2026-08-31,Dunedin,Product-12,Electronics,Mobile Phone,Huawei,1,1392.76,1428.1,-35.34
NZ-ORD-1340,2026-09-01,Auckland,Product-3,Toys,Robot,Bandai,8,843.43,933.25,-89.82
NZ-ORD-1341,2026-09-02,Christchurch,Product-30,Toys,Board Game,Telltale,3,1634.63,1501.51,133.12
NZ-ORD-1342,2026-09-03,Hamilton,Product-26,Clothing,Shoe,Nike,3,115.75,165.42,-49.67
NZ-ORD-1343,2026-09-04,Dunedin,Product-1,Home Decor,Vinyl Paper,Seiko,7,370.45,67.38,303.07
NZ-ORD-1344,2026-09-05,Auckland,Product-1,Clothing,Pant,New Balance,3,1179.1,993.97,185.13
NZ-ORD-1345,2026-09-06,Dunedin,Product-15,Electronics,DVD Player,Panasonic,10,197.16,120.63,76.53
NZ-ORD-1346,2026-09-07,Christchurch,Product-2,Toys,Robot,Namco,2,1216.58,816.03,400.55
NZ-ORD-1347,2026-09-08,Wellington,Product-13,Home Decor,Vase,Foshan,9,863.64,743.65,119.99
NZ-ORD-1348,2026-09-09,Hamilton,Product-14,Books,Romance,Universal,5,1348.5,1108.01,240.49
NZ-ORD-1349,2026-09-10,Auckland,Product-18,Books,Romance,Universal,4,1219.52,1058.47,161.05
NZ-ORD-1350,2026-09-11,Hamilton,Product-4,Home Decor,Curtain,Brother,4,91.18,-168.4,259.58
NZ-ORD-1351,2026-09-12,Christchurch,Product-14,Home Decor,Vase,IKEA,6,1890.27,1439.42,450.85
NZ-ORD-1352,2026-09-13,Wellington,Product-11,Clothing,Shoe,Converse,6,618.89,683.43,-64.54
NZ-ORD-1353,2026-09-14,Wellington,Product-24,Books,Horror,Warner Bros,3,38.24,132.93,-94.69
NZ-ORD-1354,2026-09-15,Dunedin,Product-12,Books,Horror,Warner Bros,6,1357.41,1038.47,318.94
NZ-ORD-1355,2026-09-16,Wellington,Product-24,Clothing,Shirt,Puma,3,1153.12,1131.84,21.28
NZ-ORD-1356,2026-09-17,Auckland,Product-11,Home Decor,Vase,Yuzhei Wong,7,1227.66,753.85,473.81
NZ-ORD-1357,2026-09-18,Auckland,Product-3,Toys,Board Game,Century,8,909.4,601.92,307.48
NZ-ORD-1358,2026-09-19,Hamilton,Product-17,Home Decor,Window Blind,Kels,3,272.32,116.91,155.41
NZ-ORD-1359,2026-09-20,Hamilton,Product-26,Home Decor,Window Blind,Rails,10,1812.74,1845.44,-32.7
NZ-ORD-1360,2026-09-21,Hamilton,Product-7,Toys,Doll,Barbie,3,1284.96,1018.12,266.84
NZ-ORD-1361,2026-09-22,Christchurch,Product-10,Clothing,Shoe,Nike,3,1312.1,1161.11,150.99
NZ-ORD-1362,2026-09-23,Hamilton,Product-2,Electronics,Hardisk SDD,Seagate,6,307.74,56.6,251.14
NZ-ORD-1363,2026-09-24,Auckland,Product-17,Books,Documentary,20th Century Fox,7,1574.3,1148.21,426.09
NZ-ORD-1364,2026-09-25,Wellington,Product-16,Toys,Card Game,Marvel,6,1334.41,859.39,475.02
NZ-ORD-1365,2026-09-26,Hamilton,Product-13,Books,Cartoon,Dreamworks,7,1026.69,948.23,78.46
NZ-ORD-1366,2026-09-27,Christchurch,Product-30,Electronics,CCTV,Sony,10,1085.16,1146.28,-61.12
NZ-ORD-1367,2026-09-28,Hamilton,Product-21,Home Decor,Curtain,IKEA,9,1702.76,1534.59,168.17
NZ-ORD-1368,2026-09-29,Dunedin,Product-14,Home Decor,Miniature Statue,Bucchari,8,1286.31,1048.7,237.61
NZ-ORD-1369,2026-09-30,Dunedin,Product-16,Clothing,Shirt,Adidas,1,1446.91,1195.61,251.3
NZ-ORD-1370,2026-10-01,Christchurch,Product-15,Books,Horror,Lionsgate,8,1755.62,1789.68,-34.06
NZ-ORD-1371,2026-10-02,Christchurch,Product-27,Electronics,Hardisk SDD,Seagate,1,79.3,163.94,-84.64
NZ-ORD-1372,2026-10-03,Hamilton,Product-7,Books,Romance,Disney,10,939.76,693.07,246.69
NZ-ORD-1373,2026-10-04,Dunedin,Product-8,Electronics,DVD Player,Samsung,6,1780.65,1669.62,111.03
NZ-ORD-1374,2026-10-05,Auckland,Product-19,Electronics,DVD Player,Toshiba,1,1381.43,1247.04,134.39
NZ-ORD-1375,2026-10-06,Hamilton,Product-7,Electronics,DVD Player,Changhong,2,329.4,202.57,126.83
NZ-ORD-1376,2026-10-07,Auckland,Product-28,Clothing,Jacket,New Balance,2,45.72,16.47,29.25
NZ-ORD-1377,2026-10-08,Auckland,Product-29,Clothing,T-Shirt,Converse,5,822.36,440.7,381.66
NZ-ORD-1378,2026-10-09,Dunedin,Product-8,Home Decor,Curtain,IKEA,7,1551.33,1196.98,354.35
NZ-ORD-1379,2026-10-10,Wellington,Product-27,Home Decor,Vase,IKEA,10,1952.35,1503.39,448.96
NZ-ORD-1380,2026-10-11,Christchurch,Product-26,Electronics,Hardisk SDD,Toshiba,6,1370.85,1297.89,72.96
NZ-ORD-1381,2026-10-12,Wellington,Product-16,Electronics,Mobile Phone,Vivo,4,1426.72,1298.01,128.71
NZ-ORD-1382,2026-10-13,Christchurch,Product-4,Toys,Puzzle,Marvel,3,1383.57,1071.77,311.8
NZ-ORD-1383,2026-10-14,Dunedin,Product-8,Clothing,Shirt,Puma,3,1143.84,818.81,325.03
NZ-ORD-1384,2026-10-15,Hamilton,Product-18,Toys,Robot,Capcom,6,739.8,743.9,-4.1
NZ-ORD-1385,2026-10-16,Auckland,Product-13,Electronics,Hardisk SDD,Samsung,1,904.9,655.41,249.49
NZ-ORD-1386,2026-10-17,Wellington,Product-9,Toys,Robot,Konami,2,1965.86,1642.17,323.69
NZ-ORD-1387,2026-10-18,Christchurch,Product-16,Books,Horror,Warner Bros,9,328.97,-37.06,366.03
NZ-ORD-1388,2026-10-19,Hamilton,Product-28,Toys,Card Game,Telltale,4,990.42,1061.89,-71.47
NZ-ORD-1389,2026-10-20,Hamilton,Product-4,Home Decor,Vase,IKEA,9,702.22,343.3,358.92
NZ-ORD-1390,2026-10-21,Christchurch,Product-12,Toys,Puzzle,Gramedia,2,1842.65,1528.94,313.71
NZ-ORD-1391,2026-10-22,Auckland,Product-3,Books,Cartoon,Disney,7,1868.87,1793.5,75.37
NZ-ORD-1392,2026-10-23,Hamilton,Product-2,Toys,Card Game,Hasbro,7,213.31,-204.4,417.71
NZ-ORD-1393,2026-10-24,Christchurch,Product-21,Home Decor,Curtain,Rails,5,64.66,46.26,18.4
NZ-ORD-1394,2026-10-25,Christchurch,Product-4,Home Decor,Curtain,Brother,2,1942.38,2029.66,-87.28
NZ-ORD-1395,2026-10-26,Hamilton,Product-5,Electronics,DVD Player,Samsung,1,678.18,756.82,-78.64
NZ-ORD-1396,2026-10-27,Wellington,Product-17,Books,Documentary,Universal,8,1953.2,1833.82,119.38
NZ-ORD-1397,2026-10-28,Hamilton,Product-28,Electronics,Mobile Phone,Oppo,4,691.71,424.2,267.51
NZ-ORD-1398,2026-10-29,Auckland,Product-30,Electronics,CCTV,Huawei,4,780.82,415.77,365.05
NZ-ORD-1399,2026-10-30,Christchurch,Product-1,Electronics,TV,Panasonic,5,1868.93,1629.9,239.03
NZ-ORD-1400,2026-10-31,Dunedin,Product-5,Clothing,Pant,New Balance,5,272.49,226.25,46.24
NZ-ORD-1401,2026-11-01,Hamilton,Product-2,Toys,Card Game,Hasbro,2,1898.26,1756.65,141.61
NZ-ORD-1402,2026-11-02,Dunedin,Product-1,Toys,Robot,Bandai,9,39.84,-368.14,407.98
NZ-ORD-1403,2026-11-03,Auckland,Product-14,Clothing,Pant,Puma,8,1827.11,1853.64,-26.53
NZ-ORD-1404,2026-11-04,Dunedin,Product-8,Books,Documentary,National Geographic,1,1838.31,1623.4,214.91
NZ-ORD-1405,2026-11-05,Hamilton,Product-26,Electronics,Mobile Phone,Vivo,9,849.05,385.46,463.59
NZ-ORD-1406,2026-11-06,Auckland,Product-5,Clothing,Jacket,New Balance,2,1425.84,937.26,488.58
NZ-ORD-1407,2026-11-07,Dunedin,Product-19,Clothing,Pant,Nike,10,1745.76,1557.66,188.1
NZ-ORD-1408,2026-11-08,Wellington,Product-14,Home Decor,Curtain,Brother,8,120.25,-360.92,481.17
NZ-ORD-1409,2026-11-09,Auckland,Product-19,Toys,Puzzle,Hasbro,5,360.78,298.22,62.56
NZ-ORD-1410,2026-11-10,Hamilton,Product-23,Home Decor,Curtain,Rails,6,1288.55,1263.39,25.16
NZ-ORD-1411,2026-11-11,Wellington,Product-18,Clothing,Shirt,Converse,5,1548.13,1252.16,295.97
NZ-ORD-1412,2026-11-12,Christchurch,Product-24,Home Decor,Miniature Statue,Bucchari,4,1080.5,1152.13,-71.63
NZ-ORD-1413,2026-11-13,Wellington,Product-23,Toys,Board Game,Hasbro,7,55.47,-38.6,94.07
NZ-ORD-1414,2026-11-14,Dunedin,Product-26,Electronics,Mobile Phone,Apple,1,1523.2,1553.77,-30.57
NZ-ORD-1415,2026-11-15,Christchurch,Product-30,Clothing,T-Shirt,Puma,7,1681.56,1188.41,493.15
NZ-ORD-1416,2026-11-16,Auckland,Product-3,Home Decor,Curtain,Rails,6,1046.36,799.98,246.38
NZ-ORD-1417,2026-11-17,Wellington,Product-14,Toys,Puzzle,Wonder World,10,1770.53,1546.22,224.31
NZ-ORD-1418,2026-11-18,Hamilton,Product-20,Electronics,Hardisk SDD,Sandisk,10,1528.12,1224.15,303.97
NZ-ORD-1419,2026-11-19,Dunedin,Product-19,Toys,Board Game,Exploding,5,131.63,-336.86,468.49
NZ-ORD-1420,2026-11-20,Hamilton,Product-20,Electronics,DVD Player,Panasonic,8,1643.27,1191.66,451.61
NZ-ORD-1421,2026-11-21,Christchurch,Product-3,Electronics,CCTV,Xiaomi,2,1982.33,1949.12,33.21
NZ-ORD-1422,2026-11-22,Hamilton,Product-19,Clothing,Pant,Puma,1,308.73,0.77,307.96
NZ-ORD-1423,2026-11-23,Christchurch,Product-18,Electronics,Hardisk SDD,Samsung,9,1198.52,718.71,479.81
NZ-ORD-1424,2026-11-24,Dunedin,Product-29,Electronics,Hardisk SDD,Seagate,8,1764.28,1529.67,234.61
NZ-ORD-1425,2026-11-25,Dunedin,Product-13,Books,Cartoon,Warner Bros,8,614.24,543.12,71.12
NZ-ORD-1426,2026-11-26,Christchurch,Product-3,Electronics,TV,Toshiba,1,1190.54,1182.72,7.82
NZ-ORD-1427,2026-11-27,Dunedin,Product-4,Books,Romance,20th Century Fox,2,213.3,-13.5,226.8
NZ-ORD-1428,2026-11-28,Wellington,Product-10,Home Decor,Miniature Statue,Tuscany,10,689.78,487.39,202.39
NZ-ORD-1429,2026-11-29,Wellington,Product-2,Books,Documentary,Universal,4,393.24,329.36,63.88
NZ-ORD-1430,2026-11-30,Hamilton,Product-18,Books,Romance,Lionsgate,2,983.61,926.04,57.57
NZ-ORD-1431,2026-12-01,Dunedin,Product-7,Toys,Board Game,Telltale,3,1692.75,1722.15,-29.4
NZ-ORD-1432,2026-12-02,Wellington,Product-21,Clothing,T-Shirt,New Balance,2,694.28,212.44,481.84
NZ-ORD-1433,2026-12-03,Christchurch,Product-25,Books,Romance,Warner Bros,4,1686.59,1270.19,416.4
NZ-ORD-1434,2026-12-04,Christchurch,Product-24,Books,Romance,20th Century Fox,5,1662.42,1510.4,152.02
NZ-ORD-1435,2026-12-05,Wellington,Product-8,Toys,Robot,Konami,8,53.59,115.66,-62.07
NZ-ORD-1436,2026-12-06,Wellington,Product-24,Toys,Doll,Barbie,5,1368.24,988.83,379.41
NZ-ORD-1437,2026-12-07,Wellington,Product-5,Clothing,Shoe,Nike,6,1289.4,1123.37,166.03
NZ-ORD-1438,2026-12-08,Christchurch,Product-29,Books,Cartoon,Pixar,3,1653.81,1293.78,360.03
NZ-ORD-1439,2026-12-09,Dunedin,Product-25,Toys,Card Game,Dungeons,6,1978.49,1628.72,349.77
NZ-ORD-1440,2026-12-10,Auckland,Product-7,Electronics,DVD Player,Sony,1,857.73,574.6,283.13
NZ-ORD-1441,2026-12-11,Hamilton,Product-27,Books,Horror,Bloom House,10,1674.88,1226.53,448.35
NZ-ORD-1442,2026-12-12,Hamilton,Product-11,Clothing,Shirt,Nike,5,1037.84,934.26,103.58
NZ-ORD-1443,2026-12-13,Wellington,Product-22,Home Decor,Vinyl Paper,Seven,5,1388.36,1163.85,224.51
NZ-ORD-1444,2026-12-14,Dunedin,Product-7,Books,Horror,Universal,9,1508.02,1092.38,415.64
NZ-ORD-1445,2026-12-15,Dunedin,Product-11,Clothing,Shirt,Adidas,3,1599.82,1451.19,148.63
NZ-ORD-1446,2026-12-16,Dunedin,Product-30,Toys,Card Game,Hasbro,4,390.65,198.52,192.13
NZ-ORD-1447,2026-12-17,Auckland,Product-28,Clothing,Pant,Adidas,9,571.35,125.54,445.81
NZ-ORD-1448,2026-12-18,Auckland,Product-10,Clothing,Pant,Nike,10,445.77,531.45,-85.68
NZ-ORD-1449,2026-12-19,Hamilton,Product-7,Clothing,Shirt,New Balance,5,983.37,681.07,302.3
NZ-ORD-1450,2026-12-20,Dunedin,Product-8,Home Decor,Curtain,Bardy,8,1435.94,1192.46,243.48
NZ-ORD-1451,2026-12-21,Auckland,Product-5,Books,Documentary,Discovery,6,1681.97,1728.89,-46.92
NZ-ORD-1452,2026-12-22,Dunedin,Product-30,Electronics,TV,Samsung,1,476.49,22.47,454.02
NZ-ORD-1453,2026-12-23,Hamilton,Product-15,Home Decor,Curtain,Rails,2,1925.24,1516.96,408.28
NZ-ORD-1454,2026-12-24,Auckland,Product-12,Books,Documentary,20th Century Fox,3,1349.82,1400.15,-50.33
NZ-ORD-1455,2026-12-25,Wellington,Product-30,Books,Romance,Universal,1,288.79,-93.11,381.9
NZ-ORD-1456,2026-12-26,Wellington,Product-26,Home Decor,Vinyl Paper,Joyko,2,752.06,831.75,-79.69
NZ-ORD-1457,2026-12-27,Wellington,Product-22,Clothing,Pant,Puma,9,55.39,141.65,-86.26
NZ-ORD-1458,2026-12-28,Wellington,Product-3,Electronics,TV,Panasonic,9,973.12,976.58,-3.46
NZ-ORD-1459,2026-12-29,Hamilton,Product-8,Home Decor,Miniature Statue,Oates,8,920.97,681.9,239.07
NZ-ORD-1460,2026-12-30,Auckland,Product-26,Home Decor,Curtain,Brother,3,1639.7,1716.28,-76.58
NZ-ORD-1461,2026-12-31,Christchurch,Product-7,Clothing,Pant,Converse,10,1928.51,1470.78,457.73
NZ-ORD-1462,2027-01-01,Christchurch,Product-2,Books,Comedy,Warner Bros,4,1790.58,1695.39,95.19
NZ-ORD-1463,2027-01-02,Christchurch,Product-13,Electronics,CCTV,Sony,5,1608.24,1611.23,-2.99
NZ-ORD-1464,2027-01-03,Wellington,Product-10,Electronics,DVD Player,Sony,7,551.92,587.22,-35.3
NZ-ORD-1465,2027-01-04,Auckland,Product-3,Electronics,Hardisk SDD,Kingston,8,345.05,442.76,-97.71
NZ-ORD-1466,2027-01-05,Wellington,Product-13,Electronics,CCTV,Samsung,9,107.06,-109.52,216.58
NZ-ORD-1467,2027-01-06,Wellington,Product-29,Electronics,CCTV,Samsung,6,1622.25,1598.01,24.24
NZ-ORD-1468,2027-01-07,Hamilton,Product-23,Toys,Puzzle,Telltale,7,936.12,923.73,12.39
NZ-ORD-1469,2027-01-08,Wellington,Product-17,Electronics,Mobile Phone,Vivo,7,1118.91,876.6,242.31
NZ-ORD-1470,2027-01-09,Christchurch,Product-26,Electronics,CCTV,Sony,8,872.53,771.5,101.03
NZ-ORD-1471,2027-01-10,Auckland,Product-26,Books,Comedy,20th Century Fox,6,561.98,346.94,215.04
NZ-ORD-1472,2027-01-11,Christchurch,Product-29,Home Decor,Miniature Statue,Holmes Brok,2,211.9,149.41,62.49
NZ-ORD-1473,2027-01-12,Dunedin,Product-8,Clothing,Jacket,New Balance,10,1443.61,1146.1,297.51
NZ-ORD-1474,2027-01-13,Hamilton,Product-12,Toys,Robot,Konami,4,107.34,81.27,26.07
NZ-ORD-1475,2027-01-14,Christchurch,Product-15,Electronics,DVD Player,Toshiba,6,1126.42,950,176.42
NZ-ORD-1476,2027-01-15,Christchurch,Product-16,Books,Cartoon,Pixar,5,425,227.54,197.46
NZ-ORD-1477,2027-01-16,Auckland,Product-14,Home Decor,Window Blind,Brother,4,1161.18,919.22,241.96
NZ-ORD-1478,2027-01-17,Auckland,Product-26,Electronics,DVD Player,Panasonic,2,185.35,-36.45,221.8
NZ-ORD-1479,2027-01-18,Christchurch,Product-19,Books,Documentary,Discovery,2,1227.55,758.21,469.34
NZ-ORD-1480,2027-01-19,Hamilton,Product-26,Books,Documentary,20th Century Fox,8,1889.4,1761.18,128.22
NZ-ORD-1481,2027-01-20,Wellington,Product-15,Home Decor,Vinyl Paper,Seiko,8,1707.72,1300.62,407.1
NZ-ORD-1482,2027-01-21,Christchurch,Product-12,Clothing,Shoe,New Balance,3,233.83,297.04,-63.21
NZ-ORD-1483,2027-01-22,Wellington,Product-19,Toys,Card Game,Telltale,8,1668.29,1658.43,9.86
NZ-ORD-1484,2027-01-23,Christchurch,Product-14,Toys,Board Game,Exploding,6,1865.68,1818.04,47.64
NZ-ORD-1485,2027-01-24,Hamilton,Product-2,Electronics,TV,Sony,2,1280.73,1037.92,242.81
NZ-ORD-1486,2027-01-25,Auckland,Product-17,Electronics,TV,Xiaomi,9,1442.18,984.58,457.6
NZ-ORD-1487,2027-01-26,Dunedin,Product-12,Clothing,Shirt,Converse,6,1437.67,1021.55,416.12
NZ-ORD-1488,2027-01-27,Auckland,Product-9,Electronics,CCTV,Sony,5,1192.5,1126.4,66.1
NZ-ORD-1489,2027-01-28,Dunedin,Product-22,Toys,Robot,Capcom,1,408.77,-57.85,466.62
NZ-ORD-1490,2027-01-29,Christchurch,Product-30,Electronics,TV,Panasonic,6,926.01,612.84,313.17
NZ-ORD-1491,2027-01-30,Wellington,Product-21,Electronics,CCTV,Sony,4,1620.79,1564.85,55.94
NZ-ORD-1492,2027-01-31,Dunedin,Product-30,Books,Comedy,20th Century Fox,7,1879.1,1565.89,313.21
NZ-ORD-1493,2027-02-01,Dunedin,Product-4,Electronics,Mobile Phone,Apple,3,658.88,549.22,109.66
NZ-ORD-1494,2027-02-02,Dunedin,Product-29,Electronics,CCTV,Huawei,10,1451.12,1257.67,193.45
NZ-ORD-1495,2027-02-03,Dunedin,Product-18,Clothing,Pant,Adidas,7,1045.24,1079.97,-34.73
NZ-ORD-1496,2027-02-04,Dunedin,Product-30,Home Decor,Curtain,IKEA,2,396.95,493.59,-96.64
NZ-ORD-1497,2027-02-05,Dunedin,Product-8,Electronics,CCTV,Sony,7,808.12,693.31,114.81
NZ-ORD-1498,2027-02-06,Wellington,Product-20,Books,Comedy,Warner Bros,5,198.21,-133.53,331.74
NZ-ORD-1499,2027-02-07,Auckland,Product-20,Clothing,Jacket,Nike,10,1147.13,1059.34,87.79
NZ-ORD-1500,2027-02-08,Hamilton,Product-13,Books,Horror,Lionsgate,9,1542.01,1567.55,-25.54
NZ-ORD-1501,2027-02-09,Dunedin,Product-11,Home Decor,Curtain,Kels,3,1841.04,1585.96,255.08
NZ-ORD-1502,2027-02-10,Wellington,Product-23,Home Decor,Vase,Zhongwei,5,74.06,113.11,-39.05
NZ-ORD-1503,2027-02-11,Hamilton,Product-7,Home Decor,Vase,IKEA,6,1809.71,1719.15,90.56
NZ-ORD-1504,2027-02-12,Auckland,Product-25,Electronics,TV,Sony,10,1898.5,1752.27,146.23
NZ-ORD-1505,2027-02-13,Auckland,Product-15,Clothing,Shirt,Puma,6,571.73,474.62,97.11
NZ-ORD-1506,2027-02-14,Hamilton,Product-13,Books,Documentary,Universal,5,1050.15,896.68,153.47
NZ-ORD-1507,2027-02-15,Christchurch,Product-10,Electronics,TV,Panasonic,7,612.33,644.33,-32
NZ-ORD-1508,2027-02-16,Christchurch,Product-23,Clothing,Jacket,Nike,4,1134.22,784.25,349.97
NZ-ORD-1509,2027-02-17,Auckland,Product-18,Books,Romance,Universal,5,458.95,462.67,-3.72
NZ-ORD-1510,2027-02-18,Auckland,Product-26,Toys,Board Game,Marvel,2,1301.78,982.23,319.55
NZ-ORD-1511,2027-02-19,Wellington,Product-26,Books,Horror,Warner Bros,3,1514.88,1311.37,203.51
NZ-ORD-1512,2027-02-20,Wellington,Product-30,Home Decor,Curtain,IKEA,3,1731.21,1631.31,99.9
NZ-ORD-1513,2027-02-21,Hamilton,Product-4,Electronics,CCTV,Sony,5,1266.56,1038.42,228.14
NZ-ORD-1514,2027-02-22,Auckland,Product-3,Electronics,DVD Player,Sony,5,764.39,559.58,204.81
NZ-ORD-1515,2027-02-23,Wellington,Product-25,Books,Documentary,National Geographic,4,1597.35,1669.34,-71.99
NZ-ORD-1516,2027-02-24,Auckland,Product-20,Clothing,Pant,Puma,1,481.73,480.65,1.08
NZ-ORD-1517,2027-02-25,Hamilton,Product-24,Clothing,Jacket,Nike,4,1890.15,1775.99,114.16
NZ-ORD-1518,2027-02-26,Auckland,Product-12,Toys,Card Game,Telltale,4,972.29,714.9,257.39
NZ-ORD-1519,2027-02-27,Auckland,Product-16,Home Decor,Miniature Statue,Tuscany,3,1749.97,1787.81,-37.84
NZ-ORD-1520,2027-02-28,Christchurch,Product-17,Clothing,T-Shirt,Puma,4,195.91,72.87,123.04
NZ-ORD-1521,2027-03-01,Wellington,Product-4,Clothing,Shoe,Nike,4,1267.85,986.44,281.41
NZ-ORD-1522,2027-03-02,Hamilton,Product-29,Home Decor,Curtain,Brother,5,589.05,218.6,370.45
NZ-ORD-1523,2027-03-03,Auckland,Product-5,Toys,Robot,Capcom,1,842.13,661.47,180.66
NZ-ORD-1524,2027-03-04,Wellington,Product-17,Electronics,DVD Player,Toshiba,8,1195.78,1049.86,145.92
NZ-ORD-1525,2027-03-05,Dunedin,Product-18,Clothing,Pant,Adidas,2,1779.82,1439.82,340
NZ-ORD-1526,2027-03-06,Christchurch,Product-12,Electronics,TV,Panasonic,5,801.56,554.4,247.16
NZ-ORD-1527,2027-03-07,Dunedin,Product-13,Books,Comedy,20th Century Fox,6,876.28,433.17,443.11
NZ-ORD-1528,2027-03-08,Auckland,Product-30,Clothing,Shoe,Puma,1,1760.16,1692.5,67.66
NZ-ORD-1529,2027-03-09,Auckland,Product-1,Clothing,T-Shirt,Nike,8,1588.56,1260.14,328.42
NZ-ORD-1530,2027-03-10,Auckland,Product-10,Toys,Robot,Bandai,2,657.81,373.29,284.52
NZ-ORD-1531,2027-03-11,Wellington,Product-2,Home Decor,Vase,Midea,8,810.05,632.43,177.62
NZ-ORD-1532,2027-03-12,Christchurch,Product-22,Home Decor,Curtain,IKEA,1,1684.16,1606.28,77.88
NZ-ORD-1533,2027-03-13,Wellington,Product-29,Clothing,Pant,New Balance,5,1599.03,1671.38,-72.35
NZ-ORD-1534,2027-03-14,Wellington,Product-22,Electronics,Mobile Phone,Huawei,2,1243.78,1194.78,49
NZ-ORD-1535,2027-03-15,Wellington,Product-14,Toys,Robot,Namco,9,380.87,233.5,147.37
NZ-ORD-1536,2027-03-16,Christchurch,Product-5,Home Decor,Window Blind,Rails,6,1691.59,1658.15,33.44
NZ-ORD-1537,2027-03-17,Wellington,Product-25,Electronics,DVD Player,Toshiba,3,1354.33,1113.66,240.67
NZ-ORD-1538,2027-03-18,Dunedin,Product-4,Clothing,Pant,New Balance,5,1247.94,1203.66,44.28
NZ-ORD-1539,2027-03-19,Auckland,Product-6,Toys,Robot,Bandai,7,1125.77,1099.2,26.57
NZ-ORD-1540,2027-03-20,Wellington,Product-16,Clothing,T-Shirt,Adidas,4,499.18,452.28,46.9
NZ-ORD-1541,2027-03-21,Wellington,Product-6,Clothing,T-Shirt,Adidas,1,1198.47,1119.01,79.46
NZ-ORD-1542,2027-03-22,Auckland,Product-23,Clothing,T-Shirt,Nike,10,1111.4,852.27,259.13
NZ-ORD-1543,2027-03-23,Hamilton,Product-28,Home Decor,Vase,Foshan,9,900.61,853.43,47.18
NZ-ORD-1544,2027-03-24,Christchurch,Product-19,Home Decor,Vinyl Paper,Kenko,2,1213.16,730.29,482.87
NZ-ORD-1545,2027-03-25,Christchurch,Product-16,Books,Documentary,Universal,7,396.45,378.5,17.95
NZ-ORD-1546,2027-03-26,Dunedin,Product-29,Electronics,TV,Xiaomi,8,1080.34,858.8,221.54
NZ-ORD-1547,2027-03-27,Dunedin,Product-4,Toys,Robot,Sega,10,467.19,140.58,326.61
NZ-ORD-1548,2027-03-28,Christchurch,Product-21,Books,Comedy,Warner Bros,9,1183.85,709.95,473.9
NZ-ORD-1549,2027-03-29,Hamilton,Product-30,Clothing,Jacket,Puma,6,1365.56,1213.99,151.57
NZ-ORD-1550,2027-03-30,Dunedin,Product-29,Electronics,CCTV,Huawei,4,1458.53,1316.58,141.95
NZ-ORD-1551,2027-03-31,Hamilton,Product-20,Home Decor,Curtain,Brother,1,1774.54,1764.74,9.8
NZ-ORD-1552,2027-04-01,Dunedin,Product-10,Books,Romance,Universal,9,1297.67,1226.52,71.15
NZ-ORD-1553,2027-04-02,Auckland,Product-16,Clothing,T-Shirt,Puma,9,396.52,161.9,234.62
NZ-ORD-1554,2027-04-03,Auckland,Product-3,Clothing,Pant,Puma,10,1267.97,908.82,359.15
NZ-ORD-1555,2027-04-04,Hamilton,Product-14,Home Decor,Window Blind,Rails,5,1990.5,1780.13,210.37
NZ-ORD-1556,2027-04-05,Wellington,Product-11,Books,Comedy,Disney,7,562.28,390.25,172.03
NZ-ORD-1557,2027-04-06,Wellington,Product-28,Home Decor,Vinyl Paper,Kenko,9,477.13,-18.44,495.57
NZ-ORD-1558,2027-04-07,Wellington,Product-24,Home Decor,Curtain,Kels,4,1386.48,1436.39,-49.91
NZ-ORD-1559,2027-04-08,Auckland,Product-14,Electronics,TV,Samsung,4,627.42,179.78,447.64
NZ-ORD-1560,2027-04-09,Wellington,Product-19,Home Decor,Miniature Statue,Tuscany,6,1933.26,1853.55,79.71
NZ-ORD-1561,2027-04-10,Auckland,Product-21,Toys,Card Game,Dungeons,9,394.12,490.77,-96.65
NZ-ORD-1562,2027-04-11,Dunedin,Product-13,Toys,Board Game,Hasbro,2,894.83,471.04,423.79
NZ-ORD-1563,2027-04-12,Dunedin,Product-3,Toys,Card Game,Telltale,4,569.8,615.36,-45.56
NZ-ORD-1564,2027-04-13,Christchurch,Product-10,Books,Documentary,Discovery,6,253.56,-238.81,492.37
NZ-ORD-1565,2027-04-14,Hamilton,Product-19,Books,Romance,Disney,3,211.27,179.4,31.87
NZ-ORD-1566,2027-04-15,Dunedin,Product-22,Clothing,Jacket,New Balance,5,1195.7,986.18,209.52
NZ-ORD-1567,2027-04-16,Christchurch,Product-27,Books,Romance,Warner Bros,7,106.51,-193.68,300.19
NZ-ORD-1568,2027-04-17,Wellington,Product-30,Electronics,Mobile Phone,Huawei,5,1955.66,2002.29,-46.63
NZ-ORD-1569,2027-04-18,Dunedin,Product-23,Toys,Card Game,Marvel,4,1099.23,994.23,105
NZ-ORD-1570,2027-04-19,Hamilton,Product-13,Electronics,Hardisk SDD,Sandisk,4,1921.89,1535.39,386.5
NZ-ORD-1571,2027-04-20,Wellington,Product-5,Electronics,Mobile Phone,Apple,7,971.13,956.11,15.02
NZ-ORD-1572,2027-04-21,Dunedin,Product-4,Toys,Doll,Lego,1,1229.19,1189.92,39.27
NZ-ORD-1573,2027-04-22,Hamilton,Product-17,Clothing,T-Shirt,Puma,6,358.23,336.84,21.39
NZ-ORD-1574,2027-04-23,Dunedin,Product-7,Electronics,CCTV,Huawei,6,1585.48,1140.23,445.25
NZ-ORD-1575,2027-04-24,Wellington,Product-10,Books,Romance,Disney,7,865.08,655.63,209.45
NZ-ORD-1576,2027-04-25,Hamilton,Product-20,Books,Cartoon,Dreamworks,10,948.82,1020.86,-72.04
NZ-ORD-1577,2027-04-26,Auckland,Product-28,Toys,Card Game,Century,5,1642.83,1740.11,-97.28
NZ-ORD-1578,2027-04-27,Auckland,Product-21,Books,Romance,Disney,8,1448.49,1256.5,191.99
NZ-ORD-1579,2027-04-28,Auckland,Product-3,Books,Romance,Lionsgate,8,951.29,890.95,60.34
NZ-ORD-1580,2027-04-29,Dunedin,Product-10,Toys,Board Game,Marvel,8,694.98,298.32,396.66
NZ-ORD-1581,2027-04-30,Hamilton,Product-18,Clothing,Jacket,New Balance,7,1179.15,1072.72,106.43
NZ-ORD-1582,2027-05-01,Hamilton,Product-4,Electronics,Hardisk SDD,Seagate,5,1579.45,1615.8,-36.35
NZ-ORD-1583,2027-05-02,Wellington,Product-15,Electronics,Hardisk SDD,Samsung,8,794.37,629.12,165.25
NZ-ORD-1584,2027-05-03,Dunedin,Product-5,Home Decor,Window Blind,Rails,4,1538.23,1518.96,19.27
NZ-ORD-1585,2027-05-04,Dunedin,Product-3,Books,Cartoon,Nickelodeon,4,631.5,354.33,277.17
NZ-ORD-1586,2027-05-05,Auckland,Product-8,Clothing,Jacket,New Balance,1,721.21,710.98,10.23
NZ-ORD-1587,2027-05-06,Dunedin,Product-10,Electronics,CCTV,Samsung,6,1963.64,1608.59,355.05
NZ-ORD-1588,2027-05-07,Christchurch,Product-3,Electronics,Mobile Phone,Oppo,2,808.43,739.15,69.28
NZ-ORD-1589,2027-05-08,Hamilton,Product-2,Toys,Board Game,Century,9,621.16,646.12,-24.96
NZ-ORD-1590,2027-05-09,Hamilton,Product-4,Home Decor,Miniature Statue,Baurdani,3,1960.88,1751.42,209.46
NZ-ORD-1591,2027-05-10,Hamilton,Product-30,Electronics,Hardisk SDD,Toshiba,10,139.99,65.82,74.17
NZ-ORD-1592,2027-05-11,Auckland,Product-20,Home Decor,Vase,Foshan,6,992.46,830.46,162
NZ-ORD-1593,2027-05-12,Christchurch,Product-3,Home Decor,Window Blind,Rails,3,1341.62,995.06,346.56
NZ-ORD-1594,2027-05-13,Hamilton,Product-11,Books,Documentary,Warner Bros,8,1715.27,1277.61,437.66
NZ-ORD-1595,2027-05-14,Auckland,Product-4,Toys,Puzzle,Hasbro,9,1070.37,1143.7,-73.33
NZ-ORD-1596,2027-05-15,Wellington,Product-20,Books,Horror,Universal,1,1539.02,1122.57,416.45
NZ-ORD-1597,2027-05-16,Auckland,Product-17,Clothing,T-Shirt,Puma,4,1895.46,1543.47,351.99
NZ-ORD-1598,2027-05-17,Wellington,Product-20,Home Decor,Curtain,IKEA,10,438.48,248.68,189.8
NZ-ORD-1599,2027-05-18,Dunedin,Product-21,Toys,Board Game,Hasbro,4,447.61,467.64,-20.03
NZ-ORD-1600,2027-05-19,Wellington,Product-11,Clothing,Shoe,Adidas,3,684.82,641.55,43.27
NZ-ORD-1601,2027-05-20,Auckland,Product-23,Clothing,T-Shirt,New Balance,4,1755.73,1415.78,339.95
NZ-ORD-1602,2027-05-21,Dunedin,Product-19,Books,Cartoon,Warner Bros,5,1690.26,1243.45,446.81
NZ-ORD-1603,2027-05-22,Christchurch,Product-10,Home Decor,Curtain,IKEA,3,471.37,78.45,392.92
NZ-ORD-1604,2027-05-23,Christchurch,Product-15,Clothing,Jacket,Nike,4,1754.29,1553.29,201
NZ-ORD-1605,2027-05-24,Christchurch,Product-25,Electronics,TV,Samsung,7,1602.93,1584.4,18.53
NZ-ORD-1606,2027-05-25,Dunedin,Product-16,Home Decor,Vinyl Paper,Joyko,7,811.41,398.01,413.4
NZ-ORD-1607,2027-05-26,Hamilton,Product-16,Electronics,DVD Player,Panasonic,3,1225.67,1313.77,-88.1
NZ-ORD-1608,2027-05-27,Wellington,Product-10,Toys,Puzzle,Telltale,3,462.98,461.21,1.77
NZ-ORD-1609,2027-05-28,Christchurch,Product-2,Electronics,TV,Sony,7,1452.69,1422.78,29.91
NZ-ORD-1610,2027-05-29,Auckland,Product-9,Books,Horror,Warner Bros,2,1896.92,1808.64,88.28
NZ-ORD-1611,2027-05-30,Wellington,Product-25,Toys,Board Game,Exploding,5,1713.97,1359.39,354.58
NZ-ORD-1612,2027-05-31,Auckland,Product-29,Electronics,DVD Player,Changhong,5,1938.87,1633.55,305.32
NZ-ORD-1613,2027-06-01,Hamilton,Product-20,Home Decor,Miniature Statue,Holmes Brok,3,112.68,-199.43,312.11
NZ-ORD-1614,2027-06-02,Dunedin,Product-25,Electronics,CCTV,Samsung,6,1469.66,1335.34,134.32
NZ-ORD-1615,2027-06-03,Auckland,Product-2,Toys,Card Game,Century,9,904.95,453.12,451.83
NZ-ORD-1616,2027-06-04,Wellington,Product-8,Home Decor,Vase,Zhongwei,2,571.95,513.29,58.66
NZ-ORD-1617,2027-06-05,Wellington,Product-18,Toys,Card Game,Telltale,10,1190.78,1073.49,117.29
NZ-ORD-1618,2027-06-06,Dunedin,Product-17,Home Decor,Vase,IKEA,3,1327.92,1378.36,-50.44
NZ-ORD-1619,2027-06-07,Christchurch,Product-25,Clothing,T-Shirt,Converse,9,534.65,545.1,-10.45
NZ-ORD-1620,2027-06-08,Wellington,Product-25,Toys,Puzzle,Marvel,1,1817.66,1843.64,-25.98
NZ-ORD-1621,2027-06-09,Wellington,Product-28,Clothing,Pant,Puma,10,1255.11,765.58,489.53
NZ-ORD-1622,2027-06-10,Auckland,Product-7,Home Decor,Miniature Statue,Bucchari,7,1592.82,1506.74,86.08
NZ-ORD-1623,2027-06-11,Dunedin,Product-17,Home Decor,Window Blind,Bardy,2,1944.79,1519.77,425.02
NZ-ORD-1624,2027-06-12,Hamilton,Product-8,Books,Cartoon,Dreamworks,6,1429.96,1224.01,205.95
NZ-ORD-1625,2027-06-13,Auckland,Product-12,Home Decor,Window Blind,Bardy,2,1693.3,1372.45,320.85
NZ-ORD-1626,2027-06-14,Wellington,Product-14,Books,Cartoon,Dreamworks,4,55.24,-362.79,418.03
NZ-ORD-1627,2027-06-15,Dunedin,Product-20,Electronics,Hardisk SDD,Samsung,4,1362.05,940.44,421.61
NZ-ORD-1628,2027-06-16,Hamilton,Product-13,Toys,Puzzle,Wonder World,5,818.27,365.25,453.02
NZ-ORD-1629,2027-06-17,Hamilton,Product-10,Clothing,Jacket,Nike,9,1345.12,936.34,408.78
NZ-ORD-1630,2027-06-18,Auckland,Product-14,Home Decor,Curtain,Bardy,6,216.06,272.1,-56.04
NZ-ORD-1631,2027-06-19,Auckland,Product-23,Home Decor,Vase,Yuzhei Wong,2,1502.19,1542.37,-40.18
NZ-ORD-1632,2027-06-20,Dunedin,Product-15,Home Decor,Vinyl Paper,Joyko,3,325.82,-160.15,485.97
NZ-ORD-1633,2027-06-21,Christchurch,Product-25,Home Decor,Curtain,Brother,3,1725.14,1437.53,287.61
NZ-ORD-1634,2027-06-22,Auckland,Product-2,Books,Horror,Warner Bros,2,1828.65,1556.31,272.34
NZ-ORD-1635,2027-06-23,Hamilton,Product-25,Electronics,TV,Panasonic,9,1966.61,1982.67,-16.06
NZ-ORD-1636,2027-06-24,Dunedin,Product-3,Toys,Board Game,Century,3,327.02,15.31,311.71
NZ-ORD-1637,2027-06-25,Hamilton,Product-5,Books,Documentary,Universal,4,1662.98,1352.68,310.3
NZ-ORD-1638,2027-06-26,Christchurch,Product-21,Clothing,Pant,Converse,10,1482.12,1543.27,-61.15
NZ-ORD-1639,2027-06-27,Wellington,Product-17,Books,Horror,Bloom House,1,1178.55,1274.17,-95.62
NZ-ORD-1640,2027-06-28,Dunedin,Product-23,Home Decor,Vase,IKEA,8,1160.85,705.72,455.13
NZ-ORD-1641,2027-06-29,Hamilton,Product-16,Electronics,CCTV,Sony,5,194.9,86.5,108.4
NZ-ORD-1642,2027-06-30,Dunedin,Product-6,Books,Cartoon,Nickelodeon,10,1000.89,984.02,16.87
NZ-ORD-1643,2027-07-01,Wellington,Product-17,Electronics,CCTV,Huawei,5,1643.2,1367.86,275.34
NZ-ORD-1644,2027-07-02,Auckland,Product-24,Toys,Doll,Hasbro,4,1959.33,1796.54,162.79
NZ-ORD-1645,2027-07-03,Auckland,Product-12,Books,Comedy,Universal,5,688.92,689.58,-0.66
NZ-ORD-1646,2027-07-04,Christchurch,Product-18,Clothing,T-Shirt,New Balance,5,521.43,90.05,431.38
NZ-ORD-1647,2027-07-05,Hamilton,Product-9,Electronics,Hardisk SDD,Kingston,9,218.9,228.99,-10.09
NZ-ORD-1648,2027-07-06,Christchurch,Product-19,Clothing,Shirt,New Balance,3,473.1,341.72,131.38
NZ-ORD-1649,2027-07-07,Wellington,Product-19,Electronics,TV,Sony,5,149.66,-40.97,190.63
NZ-ORD-1650,2027-07-08,Hamilton,Product-23,Home Decor,Curtain,Brother,9,183.18,-197.7,380.88
NZ-ORD-1651,2027-07-09,Hamilton,Product-30,Electronics,CCTV,Sony,3,1749.71,1387.78,361.93
NZ-ORD-1652,2027-07-10,Christchurch,Product-4,Home Decor,Vinyl Paper,Level Up,9,1427.99,1461.33,-33.34
NZ-ORD-1653,2027-07-11,Dunedin,Product-27,Clothing,Pant,Nike,5,886.74,467.41,419.33
NZ-ORD-1654,2027-07-12,Auckland,Product-12,Toys,Doll,Marvel,10,1678.11,1381.84,296.27
NZ-ORD-1655,2027-07-13,Auckland,Product-19,Books,Comedy,Warner Bros,3,179.58,56.91,122.67
NZ-ORD-1656,2027-07-14,Auckland,Product-23,Books,Comedy,Warner Bros,5,414.35,153.66,260.69
NZ-ORD-1657,2027-07-15,Hamilton,Product-6,Electronics,TV,Xiaomi,7,1155.93,693.52,462.41
NZ-ORD-1658,2027-07-16,Auckland,Product-2,Electronics,DVD Player,Changhong,3,493.59,556.53,-62.94
NZ-ORD-1659,2027-07-17,Wellington,Product-21,Books,Horror,Universal,5,282.02,59.03,222.99
NZ-ORD-1660,2027-07-18,Hamilton,Product-18,Books,Horror,Bloom House,4,66.54,-50.78,117.32
NZ-ORD-1661,2027-07-19,Dunedin,Product-27,Toys,Puzzle,Hasbro,3,587.93,270.22,317.71
NZ-ORD-1662,2027-07-20,Dunedin,Product-26,Clothing,Jacket,Adidas,9,995.82,908.07,87.75
NZ-ORD-1663,2027-07-21,Christchurch,Product-6,Home Decor,Curtain,IKEA,10,85.96,81.2,4.76
NZ-ORD-1664,2027-07-22,Wellington,Product-5,Toys,Board Game,Telltale,7,1932.47,1728.95,203.52
NZ-ORD-1665,2027-07-23,Auckland,Product-12,Electronics,Mobile Phone,Vivo,1,330.38,187.19,143.19
NZ-ORD-1666,2027-07-24,Dunedin,Product-15,Clothing,T-Shirt,Puma,8,1043.2,923.54,119.66
NZ-ORD-1667,2027-07-25,Dunedin,Product-4,Electronics,TV,Sony,2,425.2,100.9,324.3
NZ-ORD-1668,2027-07-26,Dunedin,Product-13,Toys,Puzzle,Hasbro,5,171.87,-1.97,173.84
NZ-ORD-1669,2027-07-27,Auckland,Product-27,Electronics,TV,Samsung,1,928.04,889.67,38.37
NZ-ORD-1670,2027-07-28,Auckland,Product-8,Electronics,DVD Player,Panasonic,7,1706.41,1783.21,-76.8
NZ-ORD-1671,2027-07-29,Wellington,Product-7,Home Decor,Curtain,Bardy,9,1621.69,1497.2,124.49
NZ-ORD-1672,2027-07-30,Hamilton,Product-29,Clothing,T-Shirt,Puma,7,1261.61,800.22,461.39
NZ-ORD-1673,2027-07-31,Auckland,Product-29,Clothing,Shirt,New Balance,3,297.89,-201.05,498.94
NZ-ORD-1674,2027-08-01,Dunedin,Product-17,Books,Cartoon,Nickelodeon,3,1929.36,1528.48,400.88
NZ-ORD-1675,2027-08-02,Dunedin,Product-26,Home Decor,Vinyl Paper,Kenko,3,616.84,595.65,21.19
NZ-ORD-1676,2027-08-03,Wellington,Product-9,Books,Romance,Lionsgate,4,1487.38,1086.59,400.79
NZ-ORD-1677,2027-08-04,Wellington,Product-23,Clothing,Pant,Nike,9,796.69,472.29,324.4
NZ-ORD-1678,2027-08-05,Wellington,Product-24,Home Decor,Window Blind,Brother,10,1611.49,1600.12,11.37
NZ-ORD-1679,2027-08-06,Wellington,Product-12,Electronics,TV,Xiaomi,4,248.93,176.15,72.78
NZ-ORD-1680,2027-08-07,Wellington,Product-11,Home Decor,Vase,Yuzhei Wong,5,1798.87,1642.32,156.55
NZ-ORD-1681,2027-08-08,Christchurch,Product-16,Electronics,TV,Panasonic,3,628.24,387.82,240.42
NZ-ORD-1682,2027-08-09,Auckland,Product-27,Clothing,Pant,New Balance,7,1520.4,1038.75,481.65
NZ-ORD-1683,2027-08-10,Hamilton,Product-29,Home Decor,Miniature Statue,Tuscany,1,1993.48,1732.24,261.24
NZ-ORD-1684,2027-08-11,Wellington,Product-26,Electronics,Mobile Phone,Apple,5,1584.65,1354.84,229.81
NZ-ORD-1685,2027-08-12,Dunedin,Product-7,Toys,Puzzle,Gramedia,6,105.76,-268,373.76
NZ-ORD-1686,2027-08-13,Auckland,Product-2,Toys,Card Game,Marvel,6,711.65,687.15,24.5
NZ-ORD-1687,2027-08-14,Hamilton,Product-14,Toys,Robot,Sega,7,495.75,595.24,-99.49
NZ-ORD-1688,2027-08-15,Christchurch,Product-11,Toys,Robot,Capcom,10,586.38,114.4,471.98
NZ-ORD-1689,2027-08-16,Dunedin,Product-14,Electronics,Hardisk SDD,Samsung,2,428.01,-66.92,494.93
NZ-ORD-1690,2027-08-17,Dunedin,Product-5,Electronics,TV,Panasonic,5,877.81,531.38,346.43
NZ-ORD-1691,2027-08-18,Wellington,Product-15,Home Decor,Miniature Statue,Holmes Brok,8,1736.6,1710.39,26.21
NZ-ORD-1692,2027-08-19,Auckland,Product-29,Clothing,Pant,Converse,8,139.48,160.36,-20.88
NZ-ORD-1693,2027-08-20,Christchurch,Product-10,Clothing,Shirt,New Balance,10,324.92,293.41,31.51
NZ-ORD-1694,2027-08-21,Dunedin,Product-16,Books,Cartoon,Pixar,2,337.06,-32.53,369.59
NZ-ORD-1695,2027-08-22,Hamilton,Product-27,Home Decor,Vinyl Paper,Joyko,1,99.7,-377.62,477.32
NZ-ORD-1696,2027-08-23,Auckland,Product-5,Home Decor,Curtain,Bardy,7,1264.44,968.79,295.65
NZ-ORD-1697,2027-08-24,Dunedin,Product-27,Home Decor,Curtain,IKEA,6,979.73,796.03,183.7
NZ-ORD-1698,2027-08-25,Dunedin,Product-21,Home Decor,Window Blind,IKEA,6,522.89,26.43,496.46
NZ-ORD-1699,2027-08-26,Auckland,Product-12,Books,Comedy,Disney,1,1632.93,1321.27,311.66
NZ-ORD-1700,2027-08-27,Auckland,Product-4,Electronics,Mobile Phone,Huawei,4,1394.5,1049.21,345.29
NZ-ORD-1701,2027-08-28,Dunedin,Product-7,Toys,Card Game,Telltale,6,1469.58,1041.48,428.1
NZ-ORD-1702,2027-08-29,Wellington,Product-21,Home Decor,Window Blind,Brother,8,1188.16,996.92,191.24
NZ-ORD-1703,2027-08-30,Hamilton,Product-9,Home Decor,Curtain,Rails,3,579.02,648.17,-69.15
NZ-ORD-1704,2027-08-31,Wellington,Product-16,Clothing,Shirt,Converse,6,1476.83,1488.46,-11.63
NZ-ORD-1705,2027-09-01,Hamilton,Product-15,Books,Cartoon,Disney,4,1584.71,1480.26,104.45
NZ-ORD-1706,2027-09-02,Hamilton,Product-9,Home Decor,Window Blind,Rails,6,390.64,383.05,7.59
NZ-ORD-1707,2027-09-03,Hamilton,Product-29,Home Decor,Vase,IKEA,8,272.31,285.4,-13.09
NZ-ORD-1708,2027-09-04,Christchurch,Product-4,Home Decor,Curtain,Rails,5,1101.2,1093.03,8.17
NZ-ORD-1709,2027-09-05,Wellington,Product-10,Clothing,Shoe,New Balance,8,1016.27,780.71,235.56
NZ-ORD-1710,2027-09-06,Dunedin,Product-14,Electronics,DVD Player,Changhong,9,197.49,-159.36,356.85
NZ-ORD-1711,2027-09-07,Wellington,Product-1,Home Decor,Window Blind,Bardy,5,1760.14,1526.87,233.27
NZ-ORD-1712,2027-09-08,Auckland,Product-12,Books,Documentary,Warner Bros,3,1929.73,1533.93,395.8
NZ-ORD-1713,2027-09-09,Christchurch,Product-18,Electronics,Mobile Phone,Oppo,9,1055.42,881.38,174.04
NZ-ORD-1714,2027-09-10,Hamilton,Product-24,Home Decor,Vase,IKEA,4,1607.58,1703.96,-96.38
NZ-ORD-1715,2027-09-11,Christchurch,Product-22,Clothing,Jacket,Nike,7,261.34,-75.73,337.07
NZ-ORD-1716,2027-09-12,Hamilton,Product-2,Electronics,CCTV,Toshiba,1,1495.55,1515.25,-19.7
NZ-ORD-1717,2027-09-13,Christchurch,Product-13,Toys,Board Game,Marvel,7,1791.34,1498.02,293.32
NZ-ORD-1718,2027-09-14,Wellington,Product-19,Electronics,TV,Samsung,10,32.89,-189.48,222.37
NZ-ORD-1719,2027-09-15,Auckland,Product-3,Home Decor,Miniature Statue,Holmes Brok,9,640.99,537.23,103.76
NZ-ORD-1720,2027-09-16,Dunedin,Product-24,Clothing,Pant,Nike,7,1556.67,1620.48,-63.81
NZ-ORD-1721,2027-09-17,Dunedin,Product-22,Clothing,Pant,New Balance,1,689.42,367.12,322.3
NZ-ORD-1722,2027-09-18,Wellington,Product-13,Clothing,Shoe,Converse,8,439.51,431.4,8.11
NZ-ORD-1723,2027-09-19,Auckland,Product-18,Books,Comedy,20th Century Fox,8,1580.07,1244.24,335.83
NZ-ORD-1724,2027-09-20,Wellington,Product-7,Toys,Doll,Barbie,7,658.32,697.57,-39.25
NZ-ORD-1725,2027-09-21,Auckland,Product-16,Clothing,T-Shirt,Puma,2,1420.3,1000.06,420.24
NZ-ORD-1726,2027-09-22,Wellington,Product-3,Clothing,Jacket,New Balance,3,1045.85,777.79,268.06
NZ-ORD-1727,2027-09-23,Wellington,Product-20,Toys,Card Game,Marvel,1,468.63,269.62,199.01
NZ-ORD-1728,2027-09-24,Dunedin,Product-25,Clothing,Shoe,Nike,9,506.73,525.24,-18.51
NZ-ORD-1729,2027-09-25,Wellington,Product-17,Books,Documentary,Discovery,3,285.85,127.69,158.16
NZ-ORD-1730,2027-09-26,Wellington,Product-3,Books,Horror,Warner Bros,6,671.07,691.38,-20.31
NZ-ORD-1731,2027-09-27,Hamilton,Product-15,Clothing,Shirt,Puma,3,110,76.05,33.95
NZ-ORD-1732,2027-09-28,Wellington,Product-1,Toys,Puzzle,Wonder World,7,1125.5,812.13,313.37
NZ-ORD-1733,2027-09-29,Auckland,Product-25,Clothing,Jacket,Converse,4,1969.12,1623.9,345.22
NZ-ORD-1734,2027-09-30,Hamilton,Product-23,Books,Cartoon,Nickelodeon,5,1787.73,1470.16,317.57
NZ-ORD-1735,2027-10-01,Wellington,Product-17,Home Decor,Vinyl Paper,Level Up,3,1281.32,1090.52,190.8
NZ-ORD-1736,2027-10-02,Hamilton,Product-4,Home Decor,Curtain,Brother,8,432.92,502.56,-69.64
NZ-ORD-1737,2027-10-03,Wellington,Product-2,Home Decor,Miniature Statue,Oates,9,430.76,154.51,276.25
NZ-ORD-1738,2027-10-04,Hamilton,Product-27,Toys,Puzzle,Hasbro,4,308.8,276.01,32.79
NZ-ORD-1739,2027-10-05,Wellington,Product-25,Toys,Puzzle,Marvel,1,1546.2,1425.21,120.99
NZ-ORD-1740,2027-10-06,Dunedin,Product-13,Books,Horror,Universal,8,1747.52,1356.47,391.05
NZ-ORD-1741,2027-10-07,Auckland,Product-7,Books,Romance,Universal,7,1258.85,1015.54,243.31
NZ-ORD-1742,2027-10-08,Dunedin,Product-1,Toys,Robot,Konami,7,1192.14,942.79,249.35
NZ-ORD-1743,2027-10-09,Auckland,Product-3,Home Decor,Window Blind,Bardy,5,1064.85,1121.24,-56.39
NZ-ORD-1744,2027-10-10,Christchurch,Product-12,Toys,Doll,Barbie,9,869.48,547.85,321.63
NZ-ORD-1745,2027-10-11,Christchurch,Product-28,Toys,Robot,Bandai,1,115.42,-123.85,239.27
NZ-ORD-1746,2027-10-12,Dunedin,Product-8,Books,Documentary,Universal,10,465.47,128.61,336.86
NZ-ORD-1747,2027-10-13,Wellington,Product-20,Clothing,Jacket,Puma,4,1168.93,1205.66,-36.73
NZ-ORD-1748,2027-10-14,Hamilton,Product-3,Clothing,Shoe,New Balance,4,1961.87,1869.33,92.54
NZ-ORD-1749,2027-10-15,Christchurch,Product-21,Books,Cartoon,Nickelodeon,9,1946.49,1785.41,161.08
NZ-ORD-1750,2027-10-16,Wellington,Product-6,Books,Horror,Lionsgate,2,1051.65,562.91,488.74
NZ-ORD-1751,2027-10-17,Hamilton,Product-1,Clothing,T-Shirt,Puma,1,399.17,311.34,87.83
NZ-ORD-1752,2027-10-18,Hamilton,Product-9,Electronics,DVD Player,Sony,5,1044.06,944.22,99.84
NZ-ORD-1753,2027-10-19,Christchurch,Product-15,Home Decor,Miniature Statue,Baurdani,7,1126.72,922.88,203.84
NZ-ORD-1754,2027-10-20,Auckland,Product-20,Clothing,T-Shirt,Nike,5,1627.76,1615.88,11.88
NZ-ORD-1755,2027-10-21,Auckland,Product-4,Toys,Doll,Hasbro,5,701.81,208.32,493.49
NZ-ORD-1756,2027-10-22,Wellington,Product-23,Clothing,T-Shirt,New Balance,10,322.74,-95.72,418.46
NZ-ORD-1757,2027-10-23,Auckland,Product-10,Books,Documentary,Discovery,9,1814.09,1743.28,70.81
NZ-ORD-1758,2027-10-24,Christchurch,Product-7,Toys,Card Game,Dungeons,1,1122.86,1067.07,55.79
NZ-ORD-1759,2027-10-25,Christchurch,Product-22,Clothing,Pant,Converse,8,144.23,-72.63,216.86
NZ-ORD-1760,2027-10-26,Auckland,Product-11,Clothing,T-Shirt,Nike,3,1942.67,1764.69,177.98
NZ-ORD-1761,2027-10-27,Auckland,Product-6,Clothing,T-Shirt,Nike,5,1464.79,1505.15,-40.36
NZ-ORD-1762,2027-10-28,Dunedin,Product-11,Home Decor,Curtain,Rails,1,118.31,214.62,-96.31
NZ-ORD-1763,2027-10-29,Christchurch,Product-5,Toys,Puzzle,Marvel,4,1562.56,1329.98,232.58
NZ-ORD-1764,2027-10-30,Dunedin,Product-8,Electronics,Hardisk SDD,Toshiba,8,268.25,-176.29,444.54
NZ-ORD-1765,2027-10-31,Wellington,Product-30,Clothing,Shirt,Nike,4,313.41,110.31,203.1
NZ-ORD-1766,2027-11-01,Dunedin,Product-11,Electronics,Mobile Phone,Oppo,1,1594.62,1407.9,186.72
NZ-ORD-1767,2027-11-02,Christchurch,Product-10,Books,Comedy,Universal,5,1796.65,1387.74,408.91
NZ-ORD-1768,2027-11-03,Wellington,Product-4,Toys,Board Game,Century,5,374.74,317.23,57.51
NZ-ORD-1769,2027-11-04,Christchurch,Product-15,Toys,Puzzle,Telltale,7,738.75,666.9,71.85
NZ-ORD-1770,2027-11-05,Hamilton,Product-6,Electronics,DVD Player,Toshiba,3,520.61,287.24,233.37
NZ-ORD-1771,2027-11-06,Wellington,Product-20,Home Decor,Vase,Midea,4,270.6,310.99,-40.39
NZ-ORD-1772,2027-11-07,Wellington,Product-20,Books,Cartoon,Disney,5,545.36,97.58,447.78
NZ-ORD-1773,2027-11-08,Dunedin,Product-21,Clothing,Pant,Puma,4,1196.31,986.35,209.96
NZ-ORD-1774,2027-11-09,Christchurch,Product-30,Books,Comedy,Universal,1,1883.3,1746.01,137.29
NZ-ORD-1775,2027-11-10,Hamilton,Product-4,Electronics,TV,Sony,9,111.5,-367.3,478.8
NZ-ORD-1776,2027-11-11,Auckland,Product-14,Books,Documentary,Discovery,3,1592.12,1472.08,120.04
NZ-ORD-1777,2027-11-12,Christchurch,Product-25,Books,Horror,Lionsgate,10,1524.44,1618.59,-94.15
NZ-ORD-1778,2027-11-13,Wellington,Product-1,Books,Cartoon,Pixar,5,738.88,553.85,185.03
NZ-ORD-1779,2027-11-14,Hamilton,Product-3,Toys,Robot,Bandai,9,1027.72,586.8,440.92
NZ-ORD-1780,2027-11-15,Hamilton,Product-1,Clothing,Shirt,Nike,4,1504.62,1105.57,399.05
NZ-ORD-1781,2027-11-16,Christchurch,Product-9,Toys,Puzzle,Wonder World,4,185.15,209.65,-24.5
NZ-ORD-1782,2027-11-17,Auckland,Product-20,Clothing,T-Shirt,Puma,3,1165.85,1236.71,-70.86
NZ-ORD-1783,2027-11-18,Wellington,Product-23,Clothing,T-Shirt,Converse,4,811.86,856.79,-44.93
NZ-ORD-1784,2027-11-19,Christchurch,Product-19,Books,Romance,Disney,8,1871.03,1611.33,259.7
NZ-ORD-1785,2027-11-20,Dunedin,Product-15,Electronics,DVD Player,Panasonic,10,1390.79,1344.47,46.32
NZ-ORD-1786,2027-11-21,Wellington,Product-13,Toys,Puzzle,Marvel,6,42.45,-284.15,326.6
NZ-ORD-1787,2027-11-22,Auckland,Product-12,Toys,Puzzle,Wonder World,9,1336.66,1283.59,53.07
NZ-ORD-1788,2027-11-23,Wellington,Product-12,Clothing,Pant,Nike,2,967.9,709.13,258.77
NZ-ORD-1789,2027-11-24,Wellington,Product-26,Home Decor,Miniature Statue,Holmes Brok,2,1170.69,1039.78,130.91
NZ-ORD-1790,2027-11-25,Dunedin,Product-21,Electronics,TV,Xiaomi,7,778.35,838.32,-59.97
NZ-ORD-1791,2027-11-26,Hamilton,Product-29,Books,Cartoon,Warner Bros,7,1471.4,1181.1,290.3
NZ-ORD-1792,2027-11-27,Auckland,Product-12,Home Decor,Vase,Foshan,1,369.34,269.81,99.53
NZ-ORD-1793,2027-11-28,Wellington,Product-12,Books,Horror,Universal,4,958.72,545.24,413.48
NZ-ORD-1794,2027-11-29,Auckland,Product-28,Clothing,Shoe,Adidas,6,130.52,-335.48,466
NZ-ORD-1795,2027-11-30,Auckland,Product-18,Electronics,CCTV,Xiaomi,4,1912.98,1667.99,244.99
NZ-ORD-1796,2027-12-01,Auckland,Product-26,Electronics,Mobile Phone,Apple,4,542.46,377.76,164.7
NZ-ORD-1797,2027-12-02,Hamilton,Product-28,Toys,Board Game,Hasbro,10,327.02,387.57,-60.55
NZ-ORD-1798,2027-12-03,Christchurch,Product-11,Books,Horror,Lionsgate,2,599.32,591.9,7.42
NZ-ORD-1799,2027-12-04,Christchurch,Product-3,Home Decor,Vase,Midea,1,887.38,644.91,242.47
NZ-ORD-1800,2027-12-05,Dunedin,Product-14,Clothing,T-Shirt,Puma,9,622.82,336.99,285.83
NZ-ORD-1801,2027-12-06,Wellington,Product-4,Home Decor,Vase,Midea,5,1764.87,1354.11,410.76
NZ-ORD-1802,2027-12-07,Auckland,Product-21,Home Decor,Curtain,Brother,6,1819.23,1499.36,319.87
NZ-ORD-1803,2027-12-08,Dunedin,Product-24,Clothing,Shoe,Adidas,7,1797.62,1628.93,168.69
NZ-ORD-1804,2027-12-09,Dunedin,Product-28,Home Decor,Vinyl Paper,Level Up,5,1519.83,1368.39,151.44
NZ-ORD-1805,2027-12-10,Wellington,Product-28,Home Decor,Vinyl Paper,Seiko,1,1486.66,1091,395.66
NZ-ORD-1806,2027-12-11,Auckland,Product-3,Books,Romance,Warner Bros,7,1471.02,1521.67,-50.65
NZ-ORD-1807,2027-12-12,Dunedin,Product-29,Electronics,CCTV,Samsung,3,341.16,-51.58,392.74
NZ-ORD-1808,2027-12-13,Auckland,Product-10,Toys,Board Game,Century,2,634.07,699.87,-65.8
NZ-ORD-1809,2027-12-14,Auckland,Product-9,Clothing,Shoe,Puma,6,1496.17,1520.1,-23.93
NZ-ORD-1810,2027-12-15,Auckland,Product-2,Clothing,Shoe,Puma,10,1793.03,1496.46,296.57
NZ-ORD-1811,2027-12-16,Christchurch,Product-18,Home Decor,Miniature Statue,Baurdani,6,1098.14,990.39,107.75
NZ-ORD-1812,2027-12-17,Hamilton,Product-19,Toys,Doll,Hasbro,8,529.92,473.21,56.71
NZ-ORD-1813,2027-12-18,Dunedin,Product-11,Electronics,TV,Sony,6,1035.3,685.13,350.17
NZ-ORD-1814,2027-12-19,Christchurch,Product-26,Books,Cartoon,Disney,9,722.23,635.96,86.27
NZ-ORD-1815,2027-12-20,Dunedin,Product-8,Books,Cartoon,Warner Bros,3,1966.99,1574.13,392.86
NZ-ORD-1816,2027-12-21,Wellington,Product-29,Clothing,Jacket,Nike,5,1840.07,1866.98,-26.91
NZ-ORD-1817,2027-12-22,Auckland,Product-6,Electronics,TV,Samsung,7,1282.24,1167.51,114.73
NZ-ORD-1818,2027-12-23,Wellington,Product-3,Books,Comedy,Universal,8,749.33,726.3,23.03
NZ-ORD-1819,2027-12-24,Christchurch,Product-6,Electronics,Mobile Phone,Apple,1,1749.23,1810.7,-61.47
NZ-ORD-1820,2027-12-25,Dunedin,Product-17,Toys,Robot,Bandai,1,1715.53,1468.22,247.31
NZ-ORD-1821,2027-12-26,Christchurch,Product-11,Electronics,Mobile Phone,Vivo,3,566.57,481.09,85.48
NZ-ORD-1822,2027-12-27,Christchurch,Product-7,Books,Documentary,Universal,4,1519.02,1139.19,379.83
NZ-ORD-1823,2027-12-28,Christchurch,Product-24,Clothing,Pant,Converse,2,220.02,-188.23,408.25
NZ-ORD-1824,2027-12-29,Auckland,Product-4,Home Decor,Curtain,IKEA,7,249.57,293.52,-43.95
NZ-ORD-1825,2027-12-30,Hamilton,Product-16,Clothing,Shirt,Puma,8,1971.92,1634.08,337.84
NZ-ORD-1826,2027-12-31,Christchurch,Product-23,Books,Documentary,Discovery,5,915.11,553.5,361.61
